标签类型,标签
预测性别,男
预测性别,女
预测年龄段,18-19
预测年龄段,20-23
预测年龄段,24-30
预测年龄段,31-35
预测年龄段,36-40
预测年龄段,41-45
预测年龄段,46-50
预测年龄段,51-55
预测年龄段,56-59
预测年龄段,60+
地域分布,北京
地域分布,天津
地域分布,河北
地域分布,山西
地域分布,内蒙古
地域分布,辽宁
地域分布,吉林
地域分布,黑龙江
地域分布,上海
地域分布,江苏
地域分布,浙江
地域分布,安徽
地域分布,福建
地域分布,江西
地域分布,山东
地域分布,河南
地域分布,湖北
地域分布,湖南
地域分布,广东
地域分布,广西
地域分布,海南
地域分布,重庆
地域分布,四川
地域分布,贵州
地域分布,云南
地域分布,西藏
地域分布,陕西
地域分布,甘肃
地域分布,青海
地域分布,宁夏
地域分布,新疆
地域分布,台湾
地域分布,香港
地域分布,澳门
八大消费群体,新锐白领
八大消费群体,都市银发
八大消费群体,精致妈妈
八大消费群体,都市蓝领
八大消费群体,genz
八大消费群体,小镇青年
八大消费群体,资深中产
八大消费群体,小镇中老年
预测消费能力,低消费
预测消费能力,高消费
预测消费能力,中消费
手机品牌,360
手机品牌,苹果
手机品牌,华为
手机品牌,小米
手机品牌,三星
手机品牌,OPPO
手机品牌,vivo
手机品牌,魅族
手机品牌,金立
手机品牌,酷派
手机品牌,联想
手机品牌,乐视
手机品牌,中兴
手机品牌,中国移动
手机品牌,HTC
手机品牌,小辣椒
手机品牌,努比亚
手机品牌,海信
手机品牌,奇酷
手机品牌,索尼
手机品牌,锤子
手机品牌,一加
手机品牌,LG
手机品牌,摩托罗拉
手机品牌,诺基亚
手机品牌,谷歌
手机品牌,荣耀
预测人生阶段,二人世界
预测人生阶段,单身一族
预测人生阶段,家有儿女
预测职业,在校大学生
预测职业,职场白领
预测职业,基础服务业
预测职业,IT通讯科技
预测职业,教师
预测职业,公务员
手机价格,0~999
手机价格,1000~1999
手机价格,2000~2999
手机价格,3000~3999
手机价格,4000~4999
手机价格,5000~5999
手机价格,6000~6999
手机价格,7000~7999
手机价格,8000~8999
手机价格,9000~9999
手机价格,10000及以上
抖音活跃用户,高活跃_月活
抖音活跃用户,低活跃_月活
头条活跃用户,高活跃_月活
头条活跃用户,低活跃_月活
西瓜活跃用户,高活跃_月活
西瓜活跃用户,低活跃_月活
火山活跃用户,高活跃_月活
火山活跃用户,低活跃_月活
头条用户阅读兴趣分类,娱乐
头条用户阅读兴趣分类,社会
头条用户阅读兴趣分类,健康
头条用户阅读兴趣分类,教育
头条用户阅读兴趣分类,两性
头条用户阅读兴趣分类,育儿
头条用户阅读兴趣分类,时尚
头条用户阅读兴趣分类,国际
头条用户阅读兴趣分类,时政
头条用户阅读兴趣分类,汽车
头条用户阅读兴趣分类,财经
头条用户阅读兴趣分类,传媒
头条用户阅读兴趣分类,文化
头条用户阅读兴趣分类,体育
头条用户阅读兴趣分类,科技
头条用户阅读兴趣分类,美食
头条用户阅读兴趣分类,历史
头条用户阅读兴趣分类,旅游
头条用户阅读兴趣分类,军事
头条用户阅读兴趣分类,房产
抖音视频观看兴趣分类,拍摄
抖音视频观看兴趣分类,演绎
抖音视频观看兴趣分类,生活
抖音视频观看兴趣分类,亲子
抖音视频观看兴趣分类,影视
抖音视频观看兴趣分类,时尚
抖音视频观看兴趣分类,美食
抖音视频观看兴趣分类,创意
抖音视频观看兴趣分类,知识
抖音视频观看兴趣分类,舞蹈
抖音视频观看兴趣分类,动植物
抖音视频观看兴趣分类,历史军事
抖音视频观看兴趣分类,二次元
抖音视频观看兴趣分类,汽车
抖音视频观看兴趣分类,科技
抖音视频观看兴趣分类,运动
抖音视频观看兴趣分类,音乐
抖音视频观看兴趣分类,传统
抖音视频观看兴趣分类,旅行
抖音视频观看兴趣分类,游戏
抖音视频观看兴趣分类,鸡汤
抖音视频观看兴趣分类,拍摄_半身自拍
抖音视频观看兴趣分类,拍摄_随拍
抖音视频观看兴趣分类,拍摄_全身自拍
抖音视频观看兴趣分类,拍摄_技术
抖音视频观看兴趣分类,拍摄_录屏
抖音视频观看兴趣分类,拍摄_摄影
抖音视频观看兴趣分类,拍摄_拍身体
抖音视频观看兴趣分类,演绎_剧情短剧
抖音视频观看兴趣分类,演绎_访谈类
抖音视频观看兴趣分类,演绎_张嘴
抖音视频观看兴趣分类,生活_开箱
抖音视频观看兴趣分类,生活_棋牌
抖音视频观看兴趣分类,生活_日常活动
抖音视频观看兴趣分类,生活_交通
抖音视频观看兴趣分类,生活_团体活动
抖音视频观看兴趣分类,生活_证件类
抖音视频观看兴趣分类,生活_生活探店2
抖音视频观看兴趣分类,生活_婚礼
抖音视频观看兴趣分类,生活_装潢
抖音视频观看兴趣分类,生活_生活探店
抖音视频观看兴趣分类,生活_生活用品
抖音视频观看兴趣分类,生活_负面事件
抖音视频观看兴趣分类,生活_民生
抖音视频观看兴趣分类,亲子_儿童才艺表演
抖音视频观看兴趣分类,亲子_萌娃
抖音视频观看兴趣分类,亲子_母婴
抖音视频观看兴趣分类,影视_综艺类
抖音视频观看兴趣分类,影视_电影电视剧
抖音视频观看兴趣分类,影视_明星类
抖音视频观看兴趣分类,影视_片场类
抖音视频观看兴趣分类,影视_电视剧电影
抖音视频观看兴趣分类,时尚_美容
抖音视频观看兴趣分类,时尚_美发
抖音视频观看兴趣分类,时尚_美妆
抖音视频观看兴趣分类,时尚_穿搭
抖音视频观看兴趣分类,美食_日常美食展示
抖音视频观看兴趣分类,美食_制作美食
抖音视频观看兴趣分类,美食_美食展示
抖音视频观看兴趣分类,创意_定格动画类
抖音视频观看兴趣分类,创意_转笔类
抖音视频观看兴趣分类,创意_贴纸道具
抖音视频观看兴趣分类,创意_插花类
抖音视频观看兴趣分类,创意_多米诺骨牌类
抖音视频观看兴趣分类,创意_特效类
抖音视频观看兴趣分类,创意_手工类
抖音视频观看兴趣分类,创意_魔术类
抖音视频观看兴趣分类,创意_沙画类
抖音视频观看兴趣分类,舞蹈_民族舞
抖音视频观看兴趣分类,舞蹈_手势舞类
抖音视频观看兴趣分类,舞蹈_日常舞蹈
抖音视频观看兴趣分类,舞蹈_专业舞蹈
抖音视频观看兴趣分类,动植物_萌宠
抖音视频观看兴趣分类,动植物_非家养动物
抖音视频观看兴趣分类,动植物_植物
抖音视频观看兴趣分类,动植物_家养动物
抖音视频观看兴趣分类,动植物_昆虫类
抖音视频观看兴趣分类,二次元_二次元衍生
抖音视频观看兴趣分类,二次元_Coser
抖音视频观看兴趣分类,二次元_动画类
抖音视频观看兴趣分类,二次元_漫画类
抖音视频观看兴趣分类,汽车_维修改装
抖音视频观看兴趣分类,汽车_汽车体验
抖音视频观看兴趣分类,汽车_其他车辆拍摄
抖音视频观看兴趣分类,汽车_汽车展示
抖音视频观看兴趣分类,汽车_汽车科普
抖音视频观看兴趣分类,科技_电子产品
抖音视频观看兴趣分类,运动_水上运动
抖音视频观看兴趣分类,运动_极限运动
抖音视频观看兴趣分类,运动_竞技运动
抖音视频观看兴趣分类,运动_赛事
抖音视频观看兴趣分类,运动_球类项目
抖音视频观看兴趣分类,运动_日常活动
抖音视频观看兴趣分类,运动_健身
抖音视频观看兴趣分类,运动_田径
抖音视频观看兴趣分类,音乐_西洋乐器
抖音视频观看兴趣分类,音乐_唱歌
抖音视频观看兴趣分类,音乐_编曲
抖音视频观看兴趣分类,音乐_民族乐器
抖音视频观看兴趣分类,旅行_旅行攻略
抖音视频观看兴趣分类,旅行_住宿酒店
抖音视频观看兴趣分类,旅行_风景
抖音视频观看兴趣分类,游戏_策略类
抖音视频观看兴趣分类,游戏_节奏类
抖音视频观看兴趣分类,游戏_益智类游戏
抖音视频观看兴趣分类,游戏_角色扮演
抖音视频观看兴趣分类,游戏_模拟养成
抖音视频观看兴趣分类,游戏_体育类
抖音视频观看兴趣分类,游戏_小游戏
抖音视频观看兴趣分类,游戏_棋牌类
抖音视频观看兴趣分类,游戏_游戏其他
抖音视频观看兴趣分类,游戏_解说游戏
抖音视频观看兴趣分类,游戏_吃鸡类
抖音视频观看兴趣分类,游戏_动作游戏
抖音视频观看兴趣分类,游戏_卡牌游戏
抖音视频观看兴趣分类,游戏_射击游戏
抖音视频观看兴趣分类,游戏_竞技游戏
抖音视频观看兴趣分类,游戏_休闲类
西瓜视频观看兴趣分类,综艺
西瓜视频观看兴趣分类,影视
西瓜视频观看兴趣分类,情感
西瓜视频观看兴趣分类,搞笑
西瓜视频观看兴趣分类,亲子
西瓜视频观看兴趣分类,三农
西瓜视频观看兴趣分类,时尚
西瓜视频观看兴趣分类,美食
西瓜视频观看兴趣分类,汽车
西瓜视频观看兴趣分类,娱乐
西瓜视频观看兴趣分类,游戏
西瓜视频观看兴趣分类,生活
西瓜视频观看兴趣分类,体育
西瓜视频观看兴趣分类,动物
西瓜视频观看兴趣分类,健康
西瓜视频观看兴趣分类,宠物
西瓜视频观看兴趣分类,社会
西瓜视频观看兴趣分类,音乐
西瓜视频观看兴趣分类,军事
西瓜视频观看兴趣分类,少儿
美妆行业特色人群,合群拔草人
美妆行业特色人群,好物狂想家
美妆行业特色人群,格调鉴赏家
美妆行业特色人群,悦己质享派
美妆行业特色人群,惠选生活家
美妆行业特色人群,理性刚需派
美妆行业特色人群,美潮文艺咖
电商品类成交偏好,女装
电商品类成交偏好,内衣裤袜
电商品类成交偏好,美容护肤
电商品类成交偏好,彩妆香水美妆工具
电商品类成交偏好,个人护理
电商品类成交偏好,零食坚果特产
电商品类成交偏好,洗护清洁剂卫生巾纸香薰
电商品类成交偏好,女鞋
电商品类成交偏好,运动服休闲服装
电商品类成交偏好,咖啡麦片冲饮
电商品类成交偏好,男装
电商品类成交偏好,粮油米面南北干货调味品
电商品类成交偏好,水果蔬菜
电商品类成交偏好,童装婴儿装亲子装
电商品类成交偏好,箱包
电商品类成交偏好,3C数码配件
电商品类成交偏好,时尚饰品
电商品类成交偏好,服饰配件皮带帽子围巾
电商品类成交偏好,运动鞋
电商品类成交偏好,家庭个人清洁工具
电商品类成交偏好,玩具童车益智积木模型
电商品类成交偏好,居家日用
电商品类成交偏好,运动瑜伽健身球迷用品
电商品类成交偏好,婴童用品
电商品类成交偏好,居家布艺
电商品类成交偏好,收纳整理
电商品类成交偏好,餐饮具
电商品类成交偏好,床上用品
电商品类成交偏好,学习用品
电商品类成交偏好,肉蛋低温制品
电商品类成交偏好,书籍杂志报纸
电商品类成交偏好,个人保健护理电器
电商品类成交偏好,厨房烹饪用具
电商品类成交偏好,童鞋婴儿鞋亲子鞋
电商品类成交偏好,保健食品膳食营养补充食品
电商品类成交偏好,宠物宠物食品及用品
电商品类成交偏好,打火机瑞士军刀眼镜
电商品类成交偏好,家居饰品
电商品类成交偏好,运动包户外包配件
电商品类成交偏好,传统滋补营养品
电商品类成交偏好,购物提货券
电商品类成交偏好,海鲜水产
电商品类成交偏好,鲜花速递花卉仿真绿植园艺
电商品类成交偏好,生活电器
电商品类成交偏好,黄金彩宝钻石珍珠
电商品类成交偏好,厨房电器
电商品类成交偏好,奶粉辅食营养品零食
电商品类成交偏好,汽车用品
电商品类成交偏好,影音电器
电商品类成交偏好,移动联通电信充值中心
电商品类成交偏好,孕产妇服纺用品营养
电商品类成交偏好,婴童尿裤
电商品类成交偏好,住宅家具
电商品类成交偏好,模玩动漫周边娃圈三坑桌游
电商品类成交偏好,家装主材
电商品类成交偏好,儿童床品家纺
电商品类成交偏好,茶
电商品类成交偏好,美容美体医疗器械
电商品类成交偏好,电动车配件交通工具
电商品类成交偏好,酒类
电商品类成交偏好,男鞋
电商品类成交偏好,智能设备
电商品类成交偏好,翡翠和田玉琥珀蜜蜡其他玉石
电商品类成交偏好,生活娱乐充值
电商品类成交偏好,药品
电商品类成交偏好,户外登山野营旅行用品
电商品类成交偏好,办公用品办公设备耗材相关服务
电商品类成交偏好,医疗器械
电商品类成交偏好,自行车骑行装备零配件
电商品类成交偏好,节庆用品文创
电商品类成交偏好,美容个护仪器
电商品类成交偏好,大家电
电商品类成交偏好,电子教育
电商品类成交偏好,手机
电商品类成交偏好,基础建材
电商品类成交偏好,摩托车装备配件
电商品类成交偏好,教育培训
电商品类成交偏好,电脑外设
电商品类成交偏好,计生用品
电商品类成交偏好,钟表类
电商品类成交偏好,摄影摄像
电商品类成交偏好,文玩木作书画钱币
电商品类成交偏好,陶瓷紫砂建盏茶周边
电商品类成交偏好,金属材料及制品
电商品类成交偏好,保险
电商品类成交偏好,五金工具
电商品类成交偏好,电子电工
电商品类成交偏好,数码存储设备
电商品类成交偏好,游戏服务
电商品类成交偏好,汽车零配件
电商品类成交偏好,网络设备网络相关
电商品类成交偏好,农用物资
电商品类成交偏好,乐器吉他钢琴配件
电商品类成交偏好,本地生活服务
电商品类成交偏好,商业办公家具
电商品类成交偏好,手机号码套餐增值业务
电商品类成交偏好,家装灯饰光源
电商品类成交偏好,全屋智能
电商品类成交偏好,橡塑材料及制品
电商品类成交偏好,奢侈品
电商品类成交偏好,包装
电商品类成交偏好,笔记本电脑
电商品类成交偏好,平板电脑MID
电商品类成交偏好,电影演出赛事
电商品类成交偏好,全屋定制
电商品类成交偏好,教育音像
电商品类成交偏好,电玩配件游戏攻略
电商品类成交偏好,二手奢侈品
电商品类成交偏好,手工艺非遗技艺
电商品类成交偏好,特医食品
电商品类成交偏好,标准件零部件工业耗材
电商品类成交偏好,房产
电商品类成交偏好,二手车
电商品类成交偏好,清洗食品商业设备
电商品类成交偏好,搬运仓储物流设备
电商品类成交偏好,保证金
电商品类成交偏好,汽车售后服务
电商品类成交偏好,医疗及健康服务
电商品类成交偏好,润滑胶粘试剂实验室耗材
电商品类成交偏好,数字阅读
电商品类成交偏好,电脑组件
电商品类成交偏好,兑换卡
电商品类成交偏好,文物商店拍卖行
电商品类成交偏好,畜牧养殖物资
电商品类成交偏好,生鲜
电商品类成交偏好,成人用品情趣用品
电商品类成交偏好,农机农具农膜
电商品类成交偏好,珠宝文玩收藏品（定制专用）
电商品类成交偏好,二手百货
电商品类成交偏好,机械设备
电商品类成交偏好,潮品鞋服（鉴真）
电商品类成交偏好,康养器械
电商品类成交偏好,品牌台机品牌一体机服务器
电商品类成交偏好,装修设计施工监理
电商品类成交偏好,食品卡券
电商品类成交偏好,二手3C数码
电商品类成交偏好,新车
电商品类成交偏好,电子元器件市场
电商品类成交偏好,DIY电脑
电商品类成交偏好,假发及配件
电商品类成交偏好,女装-毛针织衫
电商品类成交偏好,女装-皮草
电商品类成交偏好,女装-抹胸
电商品类成交偏好,女装-连衣裙
电商品类成交偏好,女装-背心吊带
电商品类成交偏好,女装-半身裙
电商品类成交偏好,女装-设计师潮牌女装
电商品类成交偏好,女装-POLO衫
电商品类成交偏好,女装-卫衣绒衫
电商品类成交偏好,女装-毛呢外套
电商品类成交偏好,女装-短外套
电商品类成交偏好,女装-婚纱旗袍礼服
电商品类成交偏好,女装-连体衣裤
电商品类成交偏好,女装-衬衫
电商品类成交偏好,女装-短裤
电商品类成交偏好,女装-中老年女装
电商品类成交偏好,女装-毛衣
电商品类成交偏好,女装-派克服
电商品类成交偏好,女装-套装学生校服工作制服
电商品类成交偏好,女装-蕾丝衫雪纺衫
电商品类成交偏好,女装-风衣
电商品类成交偏好,女装-裤子
电商品类成交偏好,女装-T恤
电商品类成交偏好,女装-棉衣棉服
电商品类成交偏好,女装-马夹
电商品类成交偏好,女装-羊毛衫
电商品类成交偏好,女装-唐装民族服装舞台服装
电商品类成交偏好,女装-皮衣
电商品类成交偏好,女装-羊绒衫
电商品类成交偏好,女装-羽绒服
电商品类成交偏好,女装-西装
电商品类成交偏好,女装-大码女装
电商品类成交偏好,内衣裤袜-睡衣
电商品类成交偏好,内衣裤袜-吊袜带
电商品类成交偏好,内衣裤袜-袜子
电商品类成交偏好,内衣裤袜-内裤
电商品类成交偏好,内衣裤袜-吊带背心
电商品类成交偏好,内衣裤袜-保暖内衣
电商品类成交偏好,内衣裤袜-女士内衣
电商品类成交偏好,内衣裤袜-内衣配件
电商品类成交偏好,内衣裤袜-塑身衣
电商品类成交偏好,内衣裤袜-少女文胸
电商品类成交偏好,美容护肤-面部护肤
电商品类成交偏好,美容护肤-T区护理
电商品类成交偏好,美容护肤-唇部护理
电商品类成交偏好,美容护肤-眼部护理
电商品类成交偏好,美容护肤-旅行装体验装
电商品类成交偏好,美容护肤-防晒
电商品类成交偏好,美容护肤-男士护肤
电商品类成交偏好,彩妆香水美妆工具-彩妆套装
电商品类成交偏好,彩妆香水美妆工具-其他彩妆
电商品类成交偏好,彩妆香水美妆工具-唇部彩妆
电商品类成交偏好,彩妆香水美妆工具-纹身贴
电商品类成交偏好,彩妆香水美妆工具-面部彩妆
电商品类成交偏好,彩妆香水美妆工具-指甲油美甲产品美甲工具
电商品类成交偏好,彩妆香水美妆工具-男士香水香膏
电商品类成交偏好,彩妆香水美妆工具-美妆工具
电商品类成交偏好,彩妆香水美妆工具-眼部彩妆
电商品类成交偏好,彩妆香水美妆工具-体验装
电商品类成交偏好,彩妆香水美妆工具-男士彩妆
电商品类成交偏好,彩妆香水美妆工具-面部美容工具
电商品类成交偏好,彩妆香水美妆工具-香水香膏
电商品类成交偏好,彩妆香水美妆工具-美体工具
电商品类成交偏好,个人护理-染发烫发头发造型
电商品类成交偏好,个人护理-足部护理
电商品类成交偏好,个人护理-隐形眼镜护理液
电商品类成交偏好,个人护理-身体护理
电商品类成交偏好,个人护理-身体精油芳疗
电商品类成交偏好,个人护理-口腔护理
电商品类成交偏好,个人护理-润唇膏
电商品类成交偏好,个人护理-身体清洁
电商品类成交偏好,个人护理-手部护理
电商品类成交偏好,个人护理-男士美发护发
电商品类成交偏好,个人护理-卫生巾私处护理
电商品类成交偏好,个人护理-男士身体护理
电商品类成交偏好,个人护理-个护用具
电商品类成交偏好,个人护理-洗发护发
电商品类成交偏好,零食坚果特产-糕点点心面包
电商品类成交偏好,零食坚果特产-即食水产海味零食
电商品类成交偏好,零食坚果特产-巧克力
电商品类成交偏好,零食坚果特产-地方特产
电商品类成交偏好,零食坚果特产-蜜饯果干水果制品
电商品类成交偏好,零食坚果特产-豆干制品蔬菜干
电商品类成交偏好,零食坚果特产-肉干肉脯熏腊卤味肉类熟食
电商品类成交偏好,零食坚果特产-山核桃坚果炒货
电商品类成交偏好,零食坚果特产-糖果零食果冻布丁
电商品类成交偏好,零食坚果特产-其它
电商品类成交偏好,零食坚果特产-饼干膨化
电商品类成交偏好,洗护清洁剂卫生巾纸香薰-家庭环境清洁剂
电商品类成交偏好,洗护清洁剂卫生巾纸香薰-纸品湿巾
电商品类成交偏好,洗护清洁剂卫生巾纸香薰-家私皮具护理品
电商品类成交偏好,洗护清洁剂卫生巾纸香薰-驱虫用品
电商品类成交偏好,洗护清洁剂卫生巾纸香薰-其它
电商品类成交偏好,洗护清洁剂卫生巾纸香薰-清洁泡泡慕斯
电商品类成交偏好,洗护清洁剂卫生巾纸香薰-中老年护理用品
电商品类成交偏好,洗护清洁剂卫生巾纸香薰-室内除臭芳香用品
电商品类成交偏好,洗护清洁剂卫生巾纸香薰-消毒用品
电商品类成交偏好,洗护清洁剂卫生巾纸香薰-衣物清洁剂护理剂
电商品类成交偏好,女鞋-拖鞋
电商品类成交偏好,女鞋-高跟鞋
电商品类成交偏好,女鞋-高帮鞋
电商品类成交偏好,女鞋-低帮鞋
电商品类成交偏好,女鞋-靴子
电商品类成交偏好,女鞋-女鞋配件
电商品类成交偏好,女鞋-雨鞋
电商品类成交偏好,女鞋-凉鞋
电商品类成交偏好,女鞋-帆布鞋
电商品类成交偏好,运动服休闲服装-运动T恤
电商品类成交偏好,运动服休闲服装-健身服装
电商品类成交偏好,运动服休闲服装-运动套装
电商品类成交偏好,运动服休闲服装-跑步服
电商品类成交偏好,运动服休闲服装-运动卫衣套头衫
电商品类成交偏好,运动服休闲服装-运动内衣
电商品类成交偏好,运动服休闲服装-运动马甲
电商品类成交偏好,运动服休闲服装-运动毛衣线衫
电商品类成交偏好,运动服休闲服装-运动裙
电商品类成交偏好,运动服休闲服装-运动裤
电商品类成交偏好,运动服休闲服装-运动羽绒服
电商品类成交偏好,运动服休闲服装-运动POLO衫
电商品类成交偏好,运动服休闲服装-运动风衣
电商品类成交偏好,运动服休闲服装-运动球服
电商品类成交偏好,运动服休闲服装-运动茄克外套
电商品类成交偏好,运动服休闲服装-运动棉衣
电商品类成交偏好,咖啡麦片冲饮-速溶咖啡咖啡豆粉
电商品类成交偏好,咖啡麦片冲饮-食补粉
电商品类成交偏好,咖啡麦片冲饮-其它饮品
电商品类成交偏好,咖啡麦片冲饮-乳制品
电商品类成交偏好,咖啡麦片冲饮-驼奶及驼奶粉
电商品类成交偏好,咖啡麦片冲饮-奶酪奶制品
电商品类成交偏好,咖啡麦片冲饮-冰淇淋
电商品类成交偏好,咖啡麦片冲饮-饮料
电商品类成交偏好,咖啡麦片冲饮-全家营养奶粉
电商品类成交偏好,咖啡麦片冲饮-藕粉麦片冲饮品
电商品类成交偏好,男装-针织衫毛衣
电商品类成交偏好,男装-套装
电商品类成交偏好,男装-皮衣
电商品类成交偏好,男装-羽绒裤
电商品类成交偏好,男装-民族服装
电商品类成交偏好,男装-休闲裤
电商品类成交偏好,男装-卫衣
电商品类成交偏好,男装-夹克
电商品类成交偏好,男装-Polo衫
电商品类成交偏好,男装-西服
电商品类成交偏好,男装-T恤
电商品类成交偏好,男装-羊毛衫
电商品类成交偏好,男装-大码男装
电商品类成交偏好,男装-羽绒服
电商品类成交偏好,男装-中老年男装
电商品类成交偏好,男装-衬衫
电商品类成交偏好,男装-背心
电商品类成交偏好,男装-风衣
电商品类成交偏好,男装-羊绒衫
电商品类成交偏好,男装-棉衣
电商品类成交偏好,男装-棉裤
电商品类成交偏好,男装-马甲
电商品类成交偏好,男装-羽绒马甲
电商品类成交偏好,男装-毛呢大衣
电商品类成交偏好,男装-设计师潮牌男装
电商品类成交偏好,男装-牛仔裤
电商品类成交偏好,男装-短裤
电商品类成交偏好,男装-卫裤
电商品类成交偏好,粮油米面南北干货调味品-食用油调味油
电商品类成交偏好,粮油米面南北干货调味品-南北干货肉类干货
电商品类成交偏好,粮油米面南北干货调味品-轻食简餐
电商品类成交偏好,粮油米面南北干货调味品-烘焙原料辅料食品添加剂
电商品类成交偏好,粮油米面南北干货调味品-调味品果酱沙拉
电商品类成交偏好,粮油米面南北干货调味品-其他食品
电商品类成交偏好,粮油米面南北干货调味品-米面粉杂粮
电商品类成交偏好,粮油米面南北干货调味品-方便速食冷藏食品
电商品类成交偏好,水果蔬菜-水果
电商品类成交偏好,水果蔬菜-蔬菜蔬菜制品
电商品类成交偏好,童装婴儿装亲子装-羽绒服饰羽绒内胆
电商品类成交偏好,童装婴儿装亲子装-儿童牛仔
电商品类成交偏好,童装婴儿装亲子装-儿童礼服
电商品类成交偏好,童装婴儿装亲子装-儿童演出服
电商品类成交偏好,童装婴儿装亲子装-卫衣绒衫
电商品类成交偏好,童装婴儿装亲子装-帽子围巾口罩手套耳套脚套
电商品类成交偏好,童装婴儿装亲子装-马甲
电商品类成交偏好,童装婴儿装亲子装-儿童配饰
电商品类成交偏好,童装婴儿装亲子装-连身衣爬服哈衣
电商品类成交偏好,童装婴儿装亲子装-儿童户外服
电商品类成交偏好,童装婴儿装亲子装-其它
电商品类成交偏好,童装婴儿装亲子装-套装
电商品类成交偏好,童装婴儿装亲子装-背心吊带
电商品类成交偏好,童装婴儿装亲子装-亲子装亲子时装
电商品类成交偏好,童装婴儿装亲子装-儿童家居服
电商品类成交偏好,童装婴儿装亲子装-披风斗篷
电商品类成交偏好,童装婴儿装亲子装-裙子
电商品类成交偏好,童装婴儿装亲子装-儿童旗袍唐装民族服装
电商品类成交偏好,童装婴儿装亲子装-包包
电商品类成交偏好,童装婴儿装亲子装-校服校服定制
电商品类成交偏好,童装婴儿装亲子装-裤子
电商品类成交偏好,童装婴儿装亲子装-T恤
电商品类成交偏好,童装婴儿装亲子装-棉袄棉服
电商品类成交偏好,童装婴儿装亲子装-衬衫
电商品类成交偏好,童装婴儿装亲子装-反穿衣罩衣
电商品类成交偏好,童装婴儿装亲子装-抹胸儿童文胸
电商品类成交偏好,童装婴儿装亲子装-婴儿礼盒
电商品类成交偏好,童装婴儿装亲子装-儿童内衣裤
电商品类成交偏好,童装婴儿装亲子装-毛衣针织衫
电商品类成交偏好,童装婴儿装亲子装-儿童泳装
电商品类成交偏好,童装婴儿装亲子装-外套夹克大衣
电商品类成交偏好,童装婴儿装亲子装-儿童POLO衫
电商品类成交偏好,童装婴儿装亲子装-肚兜肚围护脐带
电商品类成交偏好,箱包-卡套
电商品类成交偏好,箱包-女士包袋
电商品类成交偏好,箱包-功能箱包
电商品类成交偏好,箱包-男士包袋
电商品类成交偏好,箱包-箱包相关配件
电商品类成交偏好,3C数码配件-USB数码周边
电商品类成交偏好,3C数码配件-数码周边
电商品类成交偏好,3C数码配件-车载数码配件
电商品类成交偏好,3C数码配件-平板电脑配件
电商品类成交偏好,3C数码配件-数码包收纳整理
电商品类成交偏好,3C数码配件-MP3MP4配件
电商品类成交偏好,3C数码配件-手机配件
电商品类成交偏好,3C数码配件-干电池充电电池套
电商品类成交偏好,3C数码配件-便携电源
电商品类成交偏好,3C数码配件-笔记本电脑配件
电商品类成交偏好,3C数码配件-直播摄影周边设备
电商品类成交偏好,时尚饰品-项坠吊坠
电商品类成交偏好,时尚饰品-手镯
电商品类成交偏好,时尚饰品-戒指指环
电商品类成交偏好,时尚饰品-银饰
电商品类成交偏好,时尚饰品-发饰
电商品类成交偏好,时尚饰品-耳饰
电商品类成交偏好,时尚饰品-手链
电商品类成交偏好,时尚饰品-DIY配件
电商品类成交偏好,时尚饰品-胸针
电商品类成交偏好,时尚饰品-项链
电商品类成交偏好,时尚饰品-首饰收纳
电商品类成交偏好,时尚饰品-脚链
电商品类成交偏好,时尚饰品-婚庆饰品
电商品类成交偏好,服饰配件皮带帽子围巾-鞋包皮带配件
电商品类成交偏好,服饰配件皮带帽子围巾-手套
电商品类成交偏好,服饰配件皮带帽子围巾-袖扣
电商品类成交偏好,服饰配件皮带帽子围巾-领部配件
电商品类成交偏好,服饰配件皮带帽子围巾-防晒护具
电商品类成交偏好,服饰配件皮带帽子围巾-DIY编织材料包
电商品类成交偏好,服饰配件皮带帽子围巾-围巾丝巾披肩
电商品类成交偏好,服饰配件皮带帽子围巾-口袋巾
电商品类成交偏好,服饰配件皮带帽子围巾-耳套
电商品类成交偏好,服饰配件皮带帽子围巾-帽子
电商品类成交偏好,服饰配件皮带帽子围巾-腰带皮带腰链
电商品类成交偏好,服饰配件皮带帽子围巾-袖套
电商品类成交偏好,服饰配件皮带帽子围巾-围巾手套帽子套件
电商品类成交偏好,服饰配件皮带帽子围巾-婚纱礼服配件
电商品类成交偏好,运动鞋-板鞋休闲鞋
电商品类成交偏好,运动鞋-健步鞋
电商品类成交偏好,运动鞋-足球鞋
电商品类成交偏好,运动鞋-老爹鞋
电商品类成交偏好,运动鞋-帆布鞋
电商品类成交偏好,运动鞋-运动拖鞋
电商品类成交偏好,运动鞋-运动沙滩鞋凉鞋
电商品类成交偏好,运动鞋-篮球鞋
电商品类成交偏好,运动鞋-综合训练鞋室内健身鞋
电商品类成交偏好,运动鞋-羽毛球鞋
电商品类成交偏好,运动鞋-跑步鞋
电商品类成交偏好,运动鞋-其它运动鞋
电商品类成交偏好,家庭个人清洁工具-个人洗护清洁用具
电商品类成交偏好,家庭个人清洁工具-卫浴置物用具
电商品类成交偏好,家庭个人清洁工具-车载清洁用具
电商品类成交偏好,家庭个人清洁工具-家务地板清洁用具
电商品类成交偏好,玩具童车益智积木模型-儿童机器人变形人偶玩具
电商品类成交偏好,玩具童车益智积木模型-音乐玩具儿童乐器
电商品类成交偏好,玩具童车益智积木模型-彩泥粘土软陶泥
电商品类成交偏好,玩具童车益智积木模型-幼儿爬行学步健身
电商品类成交偏好,玩具童车益智积木模型-毛绒布艺类玩具
电商品类成交偏好,玩具童车益智积木模型-户外运动休闲传统玩具
电商品类成交偏好,玩具童车益智积木模型-积木
电商品类成交偏好,玩具童车益智积木模型-解锁迷宫魔方智力玩具
电商品类成交偏好,玩具童车益智积木模型-电动遥控惯性发条玩具
电商品类成交偏好,玩具童车益智积木模型-娃娃配件
电商品类成交偏好,玩具童车益智积木模型-早教智能玩具
电商品类成交偏好,玩具童车益智积木模型-串珠拼图配对拆装敲打玩具
电商品类成交偏好,玩具童车益智积木模型-绘画类用品
电商品类成交偏好,玩具童车益智积木模型-学习实验绘画文具
电商品类成交偏好,玩具童车益智积木模型-仿真过家家玩具
电商品类成交偏好,玩具童车益智积木模型-童车儿童轮滑
电商品类成交偏好,玩具童车益智积木模型-手工制作创意DIY
电商品类成交偏好,玩具童车益智积木模型-宝宝纪念品个性产品
电商品类成交偏好,玩具童车益智积木模型-儿童包背包箱包
电商品类成交偏好,玩具童车益智积木模型-静态模型
电商品类成交偏好,玩具童车益智积木模型-游乐教学设备大型设施
电商品类成交偏好,玩具童车益智积木模型-电子发光充气整蛊玩具
电商品类成交偏好,玩具童车益智积木模型-儿童玩具枪
电商品类成交偏好,玩具童车益智积木模型-幼儿响铃布玩安抚玩具
电商品类成交偏好,玩具童车益智积木模型-电动遥控玩具零件工具
电商品类成交偏好,玩具童车益智积木模型-儿童棋类桌面游戏
电商品类成交偏好,玩具童车益智积木模型-游泳池戏水玩具
电商品类成交偏好,居家日用-婚庆用品
电商品类成交偏好,居家日用-扇迷你风扇配件冰垫冰贴
电商品类成交偏好,居家日用-伞雨具防雨防潮
电商品类成交偏好,居家日用-钟
电商品类成交偏好,居家日用-台历
电商品类成交偏好,居家日用-居家日用套装
电商品类成交偏好,居家日用-美体塑身塑形增高用具
电商品类成交偏好,居家日用-挂历
电商品类成交偏好,居家日用-驱虫用品
电商品类成交偏好,居家日用-保暖贴怀炉保暖用品
电商品类成交偏好,居家日用-鞋用品
电商品类成交偏好,居家日用-防护用品
电商品类成交偏好,居家日用-装扮用品
电商品类成交偏好,居家日用-家居健康用品
电商品类成交偏好,居家日用-创意礼品
电商品类成交偏好,居家日用-家用五金工具
电商品类成交偏好,居家日用-书写板
电商品类成交偏好,运动瑜伽健身球迷用品-游泳
电商品类成交偏好,运动瑜伽健身球迷用品-棒球
电商品类成交偏好,运动瑜伽健身球迷用品-毽子空竹民间运动
电商品类成交偏好,运动瑜伽健身球迷用品-运动护具
电商品类成交偏好,运动瑜伽健身球迷用品-运动用品
电商品类成交偏好,运动瑜伽健身球迷用品-麻将棋牌益智类
电商品类成交偏好,运动瑜伽健身球迷用品-足球
电商品类成交偏好,运动瑜伽健身球迷用品-网球
电商品类成交偏好,运动瑜伽健身球迷用品-跑步机大型健身器械
电商品类成交偏好,运动瑜伽健身球迷用品-其它运动用品
电商品类成交偏好,运动瑜伽健身球迷用品-乒乓球
电商品类成交偏好,运动瑜伽健身球迷用品-轮滑滑板极限运动
电商品类成交偏好,运动瑜伽健身球迷用品-瑜伽
电商品类成交偏好,运动瑜伽健身球迷用品-舞蹈健美操体操
电商品类成交偏好,运动瑜伽健身球迷用品-跆拳道武术搏击
电商品类成交偏好,运动瑜伽健身球迷用品-台球
电商品类成交偏好,运动瑜伽健身球迷用品-运动紧急用品
电商品类成交偏好,运动瑜伽健身球迷用品-踏步机中小型健身器材
电商品类成交偏好,运动瑜伽健身球迷用品-篮球
电商品类成交偏好,运动瑜伽健身球迷用品-羽毛球
电商品类成交偏好,婴童用品-牙胶牙刷牙膏
电商品类成交偏好,婴童用品-儿童房桌椅家具
电商品类成交偏好,婴童用品-婴儿手推车学步车
电商品类成交偏好,婴童用品-睡袋凉席枕头床品
电商品类成交偏好,婴童用品-婴儿棉柔巾
电商品类成交偏好,婴童用品-宝宝如厕用品
电商品类成交偏好,婴童用品-水杯餐具研磨辅食小家电
电商品类成交偏好,婴童用品-理发指甲钳等护理小用品
电商品类成交偏好,婴童用品-母婴用纸
电商品类成交偏好,婴童用品-消毒暖奶喂养小家电
电商品类成交偏好,婴童用品-童床婴儿床摇篮床护栏
电商品类成交偏好,婴童用品-宝宝洗浴
电商品类成交偏好,婴童用品-防撞提醒安全保护
电商品类成交偏好,婴童用品-汽车安全座椅安全背带
电商品类成交偏好,婴童用品-背带学步带出行用品
电商品类成交偏好,婴童用品-奶嘴奶嘴相关
电商品类成交偏好,婴童用品-宝宝清洁液洗衣液柔顺剂
电商品类成交偏好,婴童用品-驱蚊用品
电商品类成交偏好,婴童用品-宝宝护肤
电商品类成交偏好,婴童用品-其它婴童用品
电商品类成交偏好,婴童用品-婴儿湿巾
电商品类成交偏好,婴童用品-奶瓶奶瓶相关
电商品类成交偏好,居家布艺-窗帘门帘及配件
电商品类成交偏好,居家布艺-地毯
电商品类成交偏好,居家布艺-防尘保护罩
电商品类成交偏好,居家布艺-十字绣及工具配件
电商品类成交偏好,居家布艺-缝纫DIY材料、工具及成品
电商品类成交偏好,居家布艺-坐垫椅垫沙发垫
电商品类成交偏好,居家布艺-地垫
电商品类成交偏好,居家布艺-家纺布艺布料面料缝制服务
电商品类成交偏好,居家布艺-毛巾浴巾浴袍
电商品类成交偏好,居家布艺-刺绣套件
电商品类成交偏好,居家布艺-居家鞋凉拖棉拖(新)
电商品类成交偏好,居家布艺-餐桌布艺
电商品类成交偏好,居家布艺-靠枕抱枕新
电商品类成交偏好,居家布艺-海绵垫布料面料手工diy
电商品类成交偏好,居家布艺-床边毯
电商品类成交偏好,收纳整理-家庭整理用具
电商品类成交偏好,收纳整理-家庭收纳用具
电商品类成交偏好,收纳整理-衣物洗晒护理用具
电商品类成交偏好,收纳整理-旅行收纳用具
电商品类成交偏好,收纳整理-车载收纳
电商品类成交偏好,收纳整理-家庭防尘用具
电商品类成交偏好,餐饮具-杯子水杯水壶
电商品类成交偏好,餐饮具-一次性餐桌用品
电商品类成交偏好,餐饮具-保鲜容器保鲜器皿
电商品类成交偏好,餐饮具-咖啡器具
电商品类成交偏好,餐饮具-酒壶酒杯酒具
电商品类成交偏好,餐饮具-餐具
电商品类成交偏好,床上用品-床笠
电商品类成交偏好,床上用品-床品定制定做
电商品类成交偏好,床上用品-被子
电商品类成交偏好,床上用品-枕套
电商品类成交偏好,床上用品-床品配件
电商品类成交偏好,床上用品-蚊帐
电商品类成交偏好,床上用品-床品套件
电商品类成交偏好,床上用品-床垫床褥床护垫榻榻米床垫
电商品类成交偏好,床上用品-被套
电商品类成交偏好,床上用品-床罩
电商品类成交偏好,床上用品-枕头
电商品类成交偏好,床上用品-床裙
电商品类成交偏好,床上用品-休闲毯毛毯绒毯
电商品类成交偏好,床上用品-凉席
电商品类成交偏好,床上用品-枕巾
电商品类成交偏好,床上用品-床幔
电商品类成交偏好,床上用品-床单
电商品类成交偏好,床上用品-床盖
电商品类成交偏好,学习用品-文具
电商品类成交偏好,学习用品-画具画材书法用品
电商品类成交偏好,学习用品-教学演示展示告示用品
电商品类成交偏好,学习用品-学习收纳陈列用品
电商品类成交偏好,肉蛋低温制品-蛋蛋制品
电商品类成交偏好,肉蛋低温制品-方便菜
电商品类成交偏好,肉蛋低温制品-猪牛羊禽肉及制品
电商品类成交偏好,肉蛋低温制品-冷藏冷冻食品
电商品类成交偏好,书籍杂志报纸-文学
电商品类成交偏好,书籍杂志报纸-自由组合套装
电商品类成交偏好,书籍杂志报纸-外语语言文字
电商品类成交偏好,书籍杂志报纸-旅游
电商品类成交偏好,书籍杂志报纸-漫画动漫漫画集
电商品类成交偏好,书籍杂志报纸-网络原创
电商品类成交偏好,书籍杂志报纸-工业农业技术
电商品类成交偏好,书籍杂志报纸-社会科学
电商品类成交偏好,书籍杂志报纸-知识服务读书卡
电商品类成交偏好,书籍杂志报纸-工具书百科全书
电商品类成交偏好,书籍杂志报纸-残损库存品外观瑕疵品
电商品类成交偏好,书籍杂志报纸-儿童读物童书
电商品类成交偏好,书籍杂志报纸-图书周边
电商品类成交偏好,书籍杂志报纸-医学卫生
电商品类成交偏好,书籍杂志报纸-考试教材教辅论文
电商品类成交偏好,书籍杂志报纸-艺术
电商品类成交偏好,书籍杂志报纸-哲学和宗教
电商品类成交偏好,书籍杂志报纸-地图地理
电商品类成交偏好,书籍杂志报纸-政治军事
电商品类成交偏好,书籍杂志报纸-自然科学
电商品类成交偏好,书籍杂志报纸-自我实现励志
电商品类成交偏好,书籍杂志报纸-小说
电商品类成交偏好,书籍杂志报纸-管理
电商品类成交偏好,书籍杂志报纸-字帖练字帖练字板毛笔字贴
电商品类成交偏好,书籍杂志报纸-文化信息与知识传播
电商品类成交偏好,书籍杂志报纸-期刊报纸现刊单刊过刊
电商品类成交偏好,书籍杂志报纸-法律
电商品类成交偏好,书籍杂志报纸-报纸期刊订阅
电商品类成交偏好,书籍杂志报纸-育儿书籍
电商品类成交偏好,书籍杂志报纸-经济
电商品类成交偏好,书籍杂志报纸-保健心理类书籍
电商品类成交偏好,书籍杂志报纸-科学科学研究
电商品类成交偏好,书籍杂志报纸-计算机网络
电商品类成交偏好,书籍杂志报纸-历史
电商品类成交偏好,书籍杂志报纸-生活
电商品类成交偏好,书籍杂志报纸-进口原版书(含港台)
电商品类成交偏好,书籍杂志报纸-传记
电商品类成交偏好,书籍杂志报纸-其他
电商品类成交偏好,个人保健护理电器-保健护具
电商品类成交偏好,个人保健护理电器-家用护理辅助器材
电商品类成交偏好,个人保健护理电器-男士理容
电商品类成交偏好,个人保健护理电器-按摩器材
电商品类成交偏好,个人保健护理电器-电子秤
电商品类成交偏好,个人保健护理电器-其它个人护理
电商品类成交偏好,个人保健护理电器-口腔护理
电商品类成交偏好,个人保健护理电器-个人清洁电器
电商品类成交偏好,个人保健护理电器-按摩椅沙发
电商品类成交偏好,个人保健护理电器-美发电器
电商品类成交偏好,个人保健护理电器-美容美体电器
电商品类成交偏好,厨房烹饪用具-烧烤烘焙用具
电商品类成交偏好,厨房烹饪用具-烹饪用具
电商品类成交偏好,厨房烹饪用具-厨用小工具厨房储物
电商品类成交偏好,童鞋婴儿鞋亲子鞋-拖鞋
电商品类成交偏好,童鞋婴儿鞋亲子鞋-凉鞋
电商品类成交偏好,童鞋婴儿鞋亲子鞋-皮鞋
电商品类成交偏好,童鞋婴儿鞋亲子鞋-帆布鞋
电商品类成交偏好,童鞋婴儿鞋亲子鞋-儿童雨衣雨鞋雨靴
电商品类成交偏好,童鞋婴儿鞋亲子鞋-婴儿步前鞋袜鞋
电商品类成交偏好,童鞋婴儿鞋亲子鞋-棉鞋
电商品类成交偏好,童鞋婴儿鞋亲子鞋-雪地靴
电商品类成交偏好,童鞋婴儿鞋亲子鞋-鞋配件
电商品类成交偏好,童鞋婴儿鞋亲子鞋-运动鞋
电商品类成交偏好,童鞋婴儿鞋亲子鞋-板鞋
电商品类成交偏好,童鞋婴儿鞋亲子鞋-学步鞋
电商品类成交偏好,童鞋婴儿鞋亲子鞋-传统布鞋手工编织鞋
电商品类成交偏好,童鞋婴儿鞋亲子鞋-皮靴棉靴
电商品类成交偏好,童鞋婴儿鞋亲子鞋-亲子鞋
电商品类成交偏好,保健食品膳食营养补充食品-海外膳食营养补充食品
电商品类成交偏好,保健食品膳食营养补充食品-普通膳食营养食品
电商品类成交偏好,保健食品膳食营养补充食品-保健食品
电商品类成交偏好,宠物宠物食品及用品-水族世界
电商品类成交偏好,宠物宠物食品及用品-猫狗玩具
电商品类成交偏好,宠物宠物食品及用品-兔类及其用品
电商品类成交偏好,宠物宠物食品及用品-猫零食（新）
电商品类成交偏好,宠物宠物食品及用品-狗零食
电商品类成交偏好,宠物宠物食品及用品-猫狗日用品
电商品类成交偏好,宠物宠物食品及用品-动物药品及药剂
电商品类成交偏好,宠物宠物食品及用品-犬主粮
电商品类成交偏好,宠物宠物食品及用品-仓鼠类及其它小宠
电商品类成交偏好,宠物宠物食品及用品-猫主粮
电商品类成交偏好,宠物宠物食品及用品-宠物服饰及配件
电商品类成交偏好,宠物宠物食品及用品-其它宠物
电商品类成交偏好,宠物宠物食品及用品-猫狗美容清洁用品
电商品类成交偏好,宠物宠物食品及用品-猫狗保健品
电商品类成交偏好,宠物宠物食品及用品-猫狗通用食品
电商品类成交偏好,宠物宠物食品及用品-鸟类及用品
电商品类成交偏好,打火机瑞士军刀眼镜-光学眼镜
电商品类成交偏好,打火机瑞士军刀眼镜-眼镜配件、护理剂
电商品类成交偏好,打火机瑞士军刀眼镜-品牌打火机及配件
电商品类成交偏好,打火机瑞士军刀眼镜-太阳眼镜
电商品类成交偏好,打火机瑞士军刀眼镜-烟具
电商品类成交偏好,打火机瑞士军刀眼镜-功能眼镜
电商品类成交偏好,家居饰品-流水摆件
电商品类成交偏好,家居饰品-创意饰品
电商品类成交偏好,家居饰品-相框画框
电商品类成交偏好,家居饰品-家居钟饰闹钟
电商品类成交偏好,家居饰品-家居香薰
电商品类成交偏好,家居饰品-装饰画
电商品类成交偏好,家居饰品-装饰器皿
电商品类成交偏好,家居饰品-照片照片墙
电商品类成交偏好,家居饰品-工艺扇
电商品类成交偏好,家居饰品-蜡烛烛台
电商品类成交偏好,家居饰品-装饰挂牌
电商品类成交偏好,家居饰品-户外庭院摆件
电商品类成交偏好,家居饰品-贴饰
电商品类成交偏好,家居饰品-其他工艺饰品
电商品类成交偏好,家居饰品-装饰挂钩
电商品类成交偏好,家居饰品-摆件
电商品类成交偏好,家居饰品-汽车用品内饰品
电商品类成交偏好,运动包户外包配件-运动首饰
电商品类成交偏好,运动包户外包配件-雨衣雨裤雨披
电商品类成交偏好,运动包户外包配件-收纳配件包
电商品类成交偏好,运动包户外包配件-运动帽
电商品类成交偏好,运动包户外包配件-运动鼓包旅行包
电商品类成交偏好,运动包户外包配件-手包
电商品类成交偏好,运动包户外包配件-钱包卡套
电商品类成交偏好,运动包户外包配件-挎包拎包休闲包
电商品类成交偏好,运动包户外包配件-双肩背包
电商品类成交偏好,运动包户外包配件-腰带
电商品类成交偏好,运动包户外包配件-头巾遮耳
电商品类成交偏好,运动包户外包配件-运动袜
电商品类成交偏好,运动包户外包配件-防水箱包
电商品类成交偏好,运动包户外包配件-手套
电商品类成交偏好,运动包户外包配件-单肩背包
电商品类成交偏好,运动包户外包配件-腰包
电商品类成交偏好,传统滋补营养品-食疗滋补营养
电商品类成交偏好,传统滋补营养品-蜂蜜及其制品
电商品类成交偏好,传统滋补营养品-滋补养生原料
电商品类成交偏好,传统滋补营养品-药食同源食品
电商品类成交偏好,传统滋补营养品-冬虫夏草
电商品类成交偏好,传统滋补营养品-燕窝滋补品
电商品类成交偏好,传统滋补营养品-养生茶
电商品类成交偏好,传统滋补营养品-鹿茸
电商品类成交偏好,传统滋补营养品-灵芝
电商品类成交偏好,传统滋补营养品-石斛枫斗
电商品类成交偏好,传统滋补营养品-枸杞及其制品
电商品类成交偏好,传统滋补营养品-参类滋补品
电商品类成交偏好,传统滋补营养品-参茸贵细
电商品类成交偏好,传统滋补营养品-阿胶膏方
电商品类成交偏好,购物提货券-购物券礼品卡
电商品类成交偏好,海鲜水产-生鲜卡券
电商品类成交偏好,海鲜水产-海鲜水产及制品
电商品类成交偏好,鲜花速递花卉仿真绿植园艺-园艺用品
电商品类成交偏好,鲜花速递花卉仿真绿植园艺-生活鲜花
电商品类成交偏好,鲜花速递花卉仿真绿植园艺-卡通花创意花
电商品类成交偏好,鲜花速递花卉仿真绿植园艺-草本种苗
电商品类成交偏好,鲜花速递花卉仿真绿植园艺-花瓶花器花盆花架
电商品类成交偏好,鲜花速递花卉仿真绿植园艺-鲜花速递(同城)
电商品类成交偏好,鲜花速递花卉仿真绿植园艺-花卉蔬果草坪种子
电商品类成交偏好,鲜花速递花卉仿真绿植园艺-仿真花绿植蔬果成品
电商品类成交偏好,鲜花速递花卉仿真绿植园艺-花卉绿植盆栽
电商品类成交偏好,鲜花速递花卉仿真绿植园艺-创意绿植花卉微景观
电商品类成交偏好,鲜花速递花卉仿真绿植园艺-永生花干花
电商品类成交偏好,鲜花速递花卉仿真绿植园艺-果树行道树
电商品类成交偏好,鲜花速递花卉仿真绿植园艺-药材种子种苗
电商品类成交偏好,鲜花速递花卉仿真绿植园艺-花艺包装材料
电商品类成交偏好,生活电器-干衣机
电商品类成交偏好,生活电器-吸尘器及配件
电商品类成交偏好,生活电器-生活家电配件
电商品类成交偏好,生活电器-电动清洁刷
电商品类成交偏好,生活电器-干鞋器
电商品类成交偏好,生活电器-香薰机
电商品类成交偏好,生活电器-蒸汽挂烫机
电商品类成交偏好,生活电器-加湿器
电商品类成交偏好,生活电器-空气消毒机
电商品类成交偏好,生活电器-电风扇
电商品类成交偏好,生活电器-折叠洗衣机
电商品类成交偏好,生活电器-空气循环扇
电商品类成交偏好,生活电器-电子灭蚊器
电商品类成交偏好,生活电器-电子温湿度计
电商品类成交偏好,生活电器-其它生活家电
电商品类成交偏好,生活电器-洗地机及配件耗材
电商品类成交偏好,生活电器-电熨斗
电商品类成交偏好,生活电器-扫地机器人及配件耗材
电商品类成交偏好,生活电器-除螨仪
电商品类成交偏好,生活电器-电暖手器电暖足器
电商品类成交偏好,生活电器-生活商用电器
电商品类成交偏好,生活电器-取暖器
电商品类成交偏好,生活电器-电热毯
电商品类成交偏好,生活电器-电动毛球修剪器
电商品类成交偏好,生活电器-冷风扇
电商品类成交偏好,黄金彩宝钻石珍珠-珍珠
电商品类成交偏好,黄金彩宝钻石珍珠-钻石首饰
电商品类成交偏好,黄金彩宝钻石珍珠-k金（素款）
电商品类成交偏好,黄金彩宝钻石珍珠-足金首饰（素款）
电商品类成交偏好,黄金彩宝钻石珍珠-银饰
电商品类成交偏好,黄金彩宝钻石珍珠-彩色宝石贵重宝石
电商品类成交偏好,黄金彩宝钻石珍珠-投资贵金属
电商品类成交偏好,黄金彩宝钻石珍珠-天然水晶
电商品类成交偏好,厨房电器-电饭煲
电商品类成交偏好,厨房电器-榨汁机原汁机
电商品类成交偏好,厨房电器-厨房家电配件
电商品类成交偏好,厨房电器-电茶炉煮茶器奶茶机
电商品类成交偏好,厨房电器-电饼铛可丽饼机薄饼机
电商品类成交偏好,厨房电器-电动抽水器取水器
电商品类成交偏好,厨房电器-电热杯
电商品类成交偏好,厨房电器-电动打蛋器
电商品类成交偏好,厨房电器-其它厨房家电
电商品类成交偏好,厨房电器-破壁机
电商品类成交偏好,厨房电器-电蒸锅台式电蒸箱肠粉机
电商品类成交偏好,厨房电器-养生壶煎药壶
电商品类成交偏好,厨房电器-茶吧机泡茶机
电商品类成交偏好,厨房电器-暖菜板保温碟
电商品类成交偏好,厨房电器-搅拌料理机
电商品类成交偏好,厨房电器-其它商用厨电
电商品类成交偏好,厨房电器-煮蛋器蒸蛋器
电商品类成交偏好,厨房电器-烤串机电烤炉
电商品类成交偏好,厨房电器-微波炉
电商品类成交偏好,厨房电器-食品保鲜真空机
电商品类成交偏好,厨房电器-电磁炉陶炉
电商品类成交偏好,厨房电器-多功能料理锅
电商品类成交偏好,厨房电器-三明治机
电商品类成交偏好,厨房电器-电热水壶
电商品类成交偏好,厨房电器-绞肉碎肉绞菜机
电商品类成交偏好,厨房电器-电压力锅
电商品类成交偏好,厨房电器-面条机
电商品类成交偏好,厨房电器-电火煮炒锅
电商品类成交偏好,厨房电器-磨粉机药材研磨机
电商品类成交偏好,厨房电器-空气炸锅
电商品类成交偏好,厨房电器-净水器及配件耗材
电商品类成交偏好,厨房电器-豆浆机
电商品类成交偏好,厨房电器-电炖锅煲汤锅电炖盅
电商品类成交偏好,奶粉辅食营养品零食-婴童调味品
电商品类成交偏好,奶粉辅食营养品零食-婴童零食
电商品类成交偏好,奶粉辅食营养品零食-婴幼儿牛奶粉（3段）
电商品类成交偏好,奶粉辅食营养品零食-宝宝辅食
电商品类成交偏好,奶粉辅食营养品零食-儿童奶粉
电商品类成交偏好,奶粉辅食营养品零食-其它
电商品类成交偏好,奶粉辅食营养品零食-婴童营养品
电商品类成交偏好,汽车用品-汽车清洗美容养护
电商品类成交偏好,汽车用品-汽车内饰用品
电商品类成交偏好,汽车用品-汽车安全防护用品
电商品类成交偏好,汽车用品-汽车文化
电商品类成交偏好,汽车用品-汽车电子电器
电商品类成交偏好,汽车用品-汽车服务
电商品类成交偏好,汽车用品-汽车外饰品外饰加装
电商品类成交偏好,影音电器-耳机
电商品类成交偏好,影音电器-影音家电配件
电商品类成交偏好,影音电器-其它影音产品
电商品类成交偏好,影音电器-随身听便携视听收音
电商品类成交偏好,影音电器-麦克风话筒
电商品类成交偏好,影音电器-音箱音响
电商品类成交偏好,影音电器-外置声卡
电商品类成交偏好,影音电器-数字电视机顶盒
电商品类成交偏好,影音电器-网络高清播放器
电商品类成交偏好,影音电器-MP3MP4iPod录音笔
电商品类成交偏好,移动联通电信充值中心-中国联通充值卡
电商品类成交偏好,移动联通电信充值中心-中国移动充值卡
电商品类成交偏好,移动联通电信充值中心-电信话费充值卡
电商品类成交偏好,孕产妇服纺用品营养-哺乳文胸内裤产检裤
电商品类成交偏好,孕产妇服纺用品营养-待产用品
电商品类成交偏好,孕产妇服纺用品营养-孕产妇护肤洗护祛纹
电商品类成交偏好,孕产妇服纺用品营养-束缚带塑身衣盆骨带
电商品类成交偏好,孕产妇服纺用品营养-孕妇装
电商品类成交偏好,孕产妇服纺用品营养-哺乳用品
电商品类成交偏好,孕产妇服纺用品营养-孕产妇运动瑜伽健身
电商品类成交偏好,孕产妇服纺用品营养-孕产妇彩妆
电商品类成交偏好,孕产妇服纺用品营养-孕妇裤托腹裤
电商品类成交偏好,孕产妇服纺用品营养-孕期口腔护理
电商品类成交偏好,孕产妇服纺用品营养-家居服哺乳装秋衣裤
电商品类成交偏好,孕产妇服纺用品营养-产妇帽孕妇袜孕妇鞋
电商品类成交偏好,孕产妇服纺用品营养-妈咪包背婴带
电商品类成交偏好,孕产妇服纺用品营养-吸奶器配件
电商品类成交偏好,孕产妇服纺用品营养-孕产妇营养品
电商品类成交偏好,婴童尿裤-特护尿裤
电商品类成交偏好,婴童尿裤-布尿裤尿垫
电商品类成交偏好,婴童尿裤-拉拉裤
电商品类成交偏好,婴童尿裤-纸尿裤
电商品类成交偏好,婴童尿裤-女童成长裤成长护理
电商品类成交偏好,婴童尿裤-其他
电商品类成交偏好,婴童尿裤-纸尿片
电商品类成交偏好,住宅家具-休闲家具
电商品类成交偏好,住宅家具-儿童家具
电商品类成交偏好,住宅家具-床垫类
电商品类成交偏好,住宅家具-家具辅料
电商品类成交偏好,住宅家具-成套家具
电商品类成交偏好,住宅家具-镜子类
电商品类成交偏好,住宅家具-几类
电商品类成交偏好,住宅家具-户外庭院家具
电商品类成交偏好,住宅家具-桌类
电商品类成交偏好,住宅家具-沙发类
电商品类成交偏好,住宅家具-架类
电商品类成交偏好,住宅家具-坐具类
电商品类成交偏好,住宅家具-床类
电商品类成交偏好,住宅家具-柜类
电商品类成交偏好,模玩动漫周边娃圈三坑桌游-影视明星周边
电商品类成交偏好,模玩动漫周边娃圈三坑桌游-棋牌桌游
电商品类成交偏好,模玩动漫周边娃圈三坑桌游-手办兵人扭蛋
电商品类成交偏好,模玩动漫周边娃圈三坑桌游-Cosplay服饰道具服务
电商品类成交偏好,模玩动漫周边娃圈三坑桌游-游戏实物周边
电商品类成交偏好,模玩动漫周边娃圈三坑桌游-聚会魔术演出用品
电商品类成交偏好,模玩动漫周边娃圈三坑桌游-车船模军模无人机穿越机
电商品类成交偏好,模玩动漫周边娃圈三坑桌游-卡通动漫周边
电商品类成交偏好,模玩动漫周边娃圈三坑桌游-娃衣
电商品类成交偏好,模玩动漫周边娃圈三坑桌游-二次元古风服装
电商品类成交偏好,模玩动漫周边娃圈三坑桌游-预售模玩
电商品类成交偏好,模玩动漫周边娃圈三坑桌游-潮玩盲盒
电商品类成交偏好,家装主材-厨房
电商品类成交偏好,家装主材-卫浴用品
电商品类成交偏好,家装主材-晾衣架晾衣杆
电商品类成交偏好,家装主材-除醛系列
电商品类成交偏好,家装主材-浴霸
电商品类成交偏好,家装主材-阀门系统
电商品类成交偏好,家装主材-墙纸
电商品类成交偏好,儿童床品家纺-婴童睡袋防踢被
电商品类成交偏好,儿童床品家纺-婴童枕头枕芯
电商品类成交偏好,儿童床品家纺-婴童凉席
电商品类成交偏好,儿童床品家纺-婴童多件套
电商品类成交偏好,儿童床品家纺-抱被
电商品类成交偏好,儿童床品家纺-被子
电商品类成交偏好,茶-普洱
电商品类成交偏好,茶-多品种茶叶礼盒
电商品类成交偏好,茶-白茶
电商品类成交偏好,茶-红茶
电商品类成交偏好,茶-绿茶
电商品类成交偏好,茶-乌龙茶
电商品类成交偏好,茶-黑茶
电商品类成交偏好,茶-代用花草水果再加工茶
电商品类成交偏好,茶-特色茶
电商品类成交偏好,美容美体医疗器械-护理液
电商品类成交偏好,美容美体医疗器械-彩色隐形眼镜
电商品类成交偏好,美容美体医疗器械-美容美体护理仪（器械）
电商品类成交偏好,美容美体医疗器械-隐形眼镜
电商品类成交偏好,电动车配件交通工具-电动车装备区
电商品类成交偏好,电动车配件交通工具-电动车零配件
电商品类成交偏好,电动车配件交通工具-电动车整车
电商品类成交偏好,电动车配件交通工具-电动车维修工具
电商品类成交偏好,酒类-黄酒米酒
电商品类成交偏好,酒类-葡萄酒
电商品类成交偏好,酒类-白酒
电商品类成交偏好,酒类-啤酒
电商品类成交偏好,酒类-果酒预调酒
电商品类成交偏好,酒类-洋酒
电商品类成交偏好,男鞋-皮鞋
电商品类成交偏好,男鞋-靴子
电商品类成交偏好,男鞋-男鞋配件
电商品类成交偏好,男鞋-低帮鞋
电商品类成交偏好,男鞋-凉鞋
电商品类成交偏好,男鞋-高帮鞋
电商品类成交偏好,男鞋-雨鞋
电商品类成交偏好,男鞋-帆布鞋
电商品类成交偏好,男鞋-拖鞋
电商品类成交偏好,智能设备-智能儿童手表
电商品类成交偏好,智能设备-智能设备配件
电商品类成交偏好,智能设备-智能飞行
电商品类成交偏好,智能设备-智能手表
电商品类成交偏好,智能设备-智能手环
电商品类成交偏好,智能设备-智能穿戴
电商品类成交偏好,翡翠和田玉琥珀蜜蜡其他玉石-琥珀蜜蜡
电商品类成交偏好,翡翠和田玉琥珀蜜蜡其他玉石-其他天然玉石
电商品类成交偏好,翡翠和田玉琥珀蜜蜡其他玉石-翡翠
电商品类成交偏好,翡翠和田玉琥珀蜜蜡其他玉石-和田玉
电商品类成交偏好,生活娱乐充值-音频FM
电商品类成交偏好,生活娱乐充值-出行服务
电商品类成交偏好,生活娱乐充值-网络工具
电商品类成交偏好,生活娱乐充值-影视会员
电商品类成交偏好,生活娱乐充值-其他会员充值
电商品类成交偏好,药品-非处方药
电商品类成交偏好,户外登山野营旅行用品-防护救生装备
电商品类成交偏好,户外登山野营旅行用品-帐篷天幕帐篷配件
电商品类成交偏好,户外登山野营旅行用品-垂钓装备
电商品类成交偏好,户外登山野营旅行用品-旅行便携装备
电商品类成交偏好,户外登山野营旅行用品-防潮垫地席枕头
电商品类成交偏好,户外登山野营旅行用品-登山攀岩攀冰
电商品类成交偏好,户外登山野营旅行用品-洗漱清洁护理用品
电商品类成交偏好,户外登山野营旅行用品-望远镜夜视仪户外眼镜
电商品类成交偏好,户外登山野营旅行用品-户外鞋靴
电商品类成交偏好,户外登山野营旅行用品-登山杖手杖
电商品类成交偏好,户外登山野营旅行用品-刀具多用工具
电商品类成交偏好,户外登山野营旅行用品-饮水用具盛水容器
电商品类成交偏好,户外登山野营旅行用品-潜水装备
电商品类成交偏好,户外登山野营旅行用品-滑雪装备
电商品类成交偏好,户外登山野营旅行用品-睡袋
电商品类成交偏好,户外登山野营旅行用品-户外休闲家具
电商品类成交偏好,户外登山野营旅行用品-户外服装
电商品类成交偏好,户外登山野营旅行用品-户外餐饮用品
电商品类成交偏好,户外登山野营旅行用品-军迷服饰军迷用品
电商品类成交偏好,户外登山野营旅行用品-通讯导航户外表类
电商品类成交偏好,户外登山野营旅行用品-户外照明
电商品类成交偏好,办公用品办公设备耗材相关服务-绳索扎带办公线材
电商品类成交偏好,办公用品办公设备耗材相关服务-服务类
电商品类成交偏好,办公用品办公设备耗材相关服务-胶带
电商品类成交偏好,办公用品办公设备耗材相关服务-办公设备配件及相关服务
电商品类成交偏好,办公用品办公设备耗材相关服务-办公用品
电商品类成交偏好,办公用品办公设备耗材相关服务-办公用纸
电商品类成交偏好,办公用品办公设备耗材相关服务-投影机
电商品类成交偏好,办公用品办公设备耗材相关服务-打印机
电商品类成交偏好,医疗器械-健康监测
电商品类成交偏好,医疗器械-医用敷料
电商品类成交偏好,医疗器械-家庭护理
电商品类成交偏好,医疗器械-防护用品
电商品类成交偏好,自行车骑行装备零配件-骑行服饰骑行装备
电商品类成交偏好,自行车骑行装备零配件-自行车修车工具
电商品类成交偏好,自行车骑行装备零配件-自行车单车装备
电商品类成交偏好,自行车骑行装备零配件-自行车整车
电商品类成交偏好,自行车骑行装备零配件-自行车零配件
电商品类成交偏好,节庆用品文创-节日用品
电商品类成交偏好,节庆用品文创-文化创意用品
电商品类成交偏好,美容个护仪器-面部美容仪器
电商品类成交偏好,大家电-大家电配件
电商品类成交偏好,大家电-洗衣机
电商品类成交偏好,大家电-冰箱冰吧冰柜
电商品类成交偏好,大家电-电视
电商品类成交偏好,大家电-空调
电商品类成交偏好,大家电-厨房大电
电商品类成交偏好,大家电-热水器
电商品类成交偏好,电子教育-电子教育
电商品类成交偏好,手机-智能机
电商品类成交偏好,基础建材-涂料（乳胶漆）
电商品类成交偏好,基础建材-线条
电商品类成交偏好,基础建材-家用五金
电商品类成交偏好,基础建材-防水材料
电商品类成交偏好,基础建材-配件专区
电商品类成交偏好,基础建材-油漆
电商品类成交偏好,基础建材-板材
电商品类成交偏好,基础建材-其它基础建材
电商品类成交偏好,基础建材-清洁修复
电商品类成交偏好,基础建材-胶类
电商品类成交偏好,基础建材-隔热材料
电商品类成交偏好,基础建材-新型装饰材料
电商品类成交偏好,基础建材-水管管材
电商品类成交偏好,基础建材-门窗密封条
电商品类成交偏好,摩托车装备配件-其他摩托车用品
电商品类成交偏好,摩托车装备配件-摩托车配件
电商品类成交偏好,摩托车装备配件-摩托车装饰养护
电商品类成交偏好,摩托车装备配件-摩托车骑士装备
电商品类成交偏好,教育培训-常识兴趣
电商品类成交偏好,教育培训-家庭教育中小学教育
电商品类成交偏好,教育培训-技能培训
电商品类成交偏好,教育培训-语言培训
电商品类成交偏好,教育培训-学历职业资格考试
电商品类成交偏好,电脑外设-键盘
电商品类成交偏好,电脑外设-键鼠套装
电商品类成交偏好,电脑外设-有线鼠标
电商品类成交偏好,电脑外设-无线鼠标
电商品类成交偏好,电脑外设-电脑周边
电商品类成交偏好,计生用品-避孕套
电商品类成交偏好,钟表类-配件
电商品类成交偏好,钟表类-腕表
电商品类成交偏好,摄影摄像-拍立得相机
电商品类成交偏好,文玩木作书画钱币-刀剑相关
电商品类成交偏好,文玩木作书画钱币-趣味收藏
电商品类成交偏好,文玩木作书画钱币-石雕
电商品类成交偏好,文玩木作书画钱币-菩提核桃
电商品类成交偏好,文玩木作书画钱币-葫芦
电商品类成交偏好,文玩木作书画钱币-书法绘画
电商品类成交偏好,文玩木作书画钱币-金属搪瓷器具
电商品类成交偏好,文玩木作书画钱币-红木家具
电商品类成交偏好,文玩木作书画钱币-收藏品保养鉴定工具
电商品类成交偏好,文玩木作书画钱币-沉香
电商品类成交偏好,文玩木作书画钱币-香道器具
电商品类成交偏好,文玩木作书画钱币-钱币
电商品类成交偏好,文玩木作书画钱币-文玩木串
电商品类成交偏好,文玩木作书画钱币-观赏石奇石矿物晶体
电商品类成交偏好,陶瓷紫砂建盏茶周边-陶瓷瓷片
电商品类成交偏好,陶瓷紫砂建盏茶周边-建盏
电商品类成交偏好,陶瓷紫砂建盏茶周边-茶道器具
电商品类成交偏好,陶瓷紫砂建盏茶周边-紫砂
电商品类成交偏好,金属材料及制品-其他金属制品
电商品类成交偏好,金属材料及制品-硬质合金
电商品类成交偏好,金属材料及制品-不锈钢
电商品类成交偏好,金属材料及制品-金属盒箱柜
电商品类成交偏好,五金工具-安全检查设备
电商品类成交偏好,五金工具-电动工具
电商品类成交偏好,五金工具-仪器仪表
电商品类成交偏好,五金工具-机电五金
电商品类成交偏好,五金工具-机械五金
电商品类成交偏好,五金工具-手动工具
电商品类成交偏好,五金工具-气动工具
电商品类成交偏好,五金工具-紧固件
电商品类成交偏好,五金工具-劳保用品
电商品类成交偏好,五金工具-刃具
电商品类成交偏好,五金工具-电气控制
电商品类成交偏好,电子电工-接线板插头
电商品类成交偏好,电子电工-监控器材及系统
电商品类成交偏好,电子电工-底盒
电商品类成交偏好,电子电工-防盗报警器材及系统
电商品类成交偏好,电子电工-开关
电商品类成交偏好,电子电工-电工配件
电商品类成交偏好,电子电工-插座
电商品类成交偏好,数码存储设备-闪存卡
电商品类成交偏好,数码存储设备-手机U盘
电商品类成交偏好,数码存储设备-普通U盘
电商品类成交偏好,游戏服务-游戏充值
电商品类成交偏好,游戏服务-游戏装备
电商品类成交偏好,汽车零配件-美容维修汽保工具
电商品类成交偏好,汽车零配件-点火系统
电商品类成交偏好,汽车零配件-其他
电商品类成交偏好,汽车零配件-雨刮器
电商品类成交偏好,汽车零配件-照明系统
电商品类成交偏好,汽车零配件-油品
电商品类成交偏好,汽车零配件-滤芯
电商品类成交偏好,汽车零配件-车用附件
电商品类成交偏好,汽车零配件-外观件
电商品类成交偏好,网络设备网络相关-视频监控
电商品类成交偏好,网络设备网络相关-路由器
电商品类成交偏好,网络设备网络相关-4g5g上网设备
电商品类成交偏好,网络设备网络相关-路由器猫网卡配件
电商品类成交偏好,农用物资-肥料
电商品类成交偏好,农用物资-农药
电商品类成交偏好,农用物资-助剂添加剂
电商品类成交偏好,农用物资-微生物菌剂
电商品类成交偏好,农用物资-种子种苗
电商品类成交偏好,农用物资-园林养护物资
电商品类成交偏好,乐器吉他钢琴配件-西洋乐器
电商品类成交偏好,乐器吉他钢琴配件-民族乐器
电商品类成交偏好,乐器吉他钢琴配件-乐器服务
电商品类成交偏好,乐器吉他钢琴配件-儿童玩具乐器
电商品类成交偏好,乐器吉他钢琴配件-乐器配件
电商品类成交偏好,乐器吉他钢琴配件-MIDI乐器电脑音乐
电商品类成交偏好,本地生活服务-餐饮美食卡券
电商品类成交偏好,本地生活服务-在线清洗洗衣券
电商品类成交偏好,商业办公家具-办公家具
电商品类成交偏好,商业办公家具-货架展柜
电商品类成交偏好,手机号码套餐增值业务-新入网手机号定制套餐
电商品类成交偏好,手机号码套餐增值业务-新入网手机号套餐
电商品类成交偏好,家装灯饰光源-无主灯类灯饰
电商品类成交偏好,家装灯饰光源-光源
电商品类成交偏好,家装灯饰光源-家装类灯饰
电商品类成交偏好,家装灯饰光源-家居类灯饰
电商品类成交偏好,家装灯饰光源-护眼灯饰
电商品类成交偏好,家装灯饰光源-室外灯饰
电商品类成交偏好,全屋智能-智能家庭设备配件
电商品类成交偏好,全屋智能-智能安防
电商品类成交偏好,全屋智能-智能灯光
电商品类成交偏好,全屋智能-智能家居系统
电商品类成交偏好,笔记本电脑-笔记本电脑
电商品类成交偏好,平板电脑MID-平板电脑MID
电商品类成交偏好,电影演出赛事-电影
电商品类成交偏好,全屋定制-地板
电商品类成交偏好,全屋定制-全屋空间定制
电商品类成交偏好,全屋定制-定制淋浴房
电商品类成交偏好,全屋定制-定制柜类
电商品类成交偏好,教育音像-音乐影视音像
电商品类成交偏好,电玩配件游戏攻略-游戏手柄
电商品类成交偏好,电玩配件游戏攻略-家用游戏机
电商品类成交偏好,电玩配件游戏攻略-游戏软件
电商品类成交偏好,二手奢侈品-箱包
电商品类成交偏好,二手奢侈品-服饰配件
电商品类成交偏好,二手奢侈品-腕表
电商品类成交偏好,手工艺非遗技艺-烧造工艺
电商品类成交偏好,手工艺非遗技艺-其他民俗工艺
电商品类成交偏好,手工艺非遗技艺-雕塑工艺
电商品类成交偏好,清洗食品商业设备-清洗清理设备
电商品类成交偏好,清洗食品商业设备-商用炉灶
电商品类成交偏好,电脑组件-显示器&支架
电商品类成交偏好,兑换卡-节庆用品礼品卡
电商品类成交偏好,文物商店拍卖行-古董艺术品
电商品类成交偏好,畜牧养殖物资-蜂场养殖物资
电商品类成交偏好,畜牧养殖物资-动物保健品水质调节剂
电商品类成交偏好,畜牧养殖物资-饲料
电商品类成交偏好,畜牧养殖物资-兽用非处方药
电商品类成交偏好,畜牧养殖物资-畜牧养殖设备
电商品类成交偏好,农机农具农膜-农膜篷布遮网大棚
电商品类成交偏好,农机农具农膜-农业工具
电商品类成交偏好,农机农具农膜-农业机械
电商品类成交偏好,珠宝文玩收藏品（定制专用）-定制玉石
电商品类成交偏好,机械设备-其他机械设备
电商品类成交偏好,机械设备-电影放映设备
电商品类成交偏好,潮品鞋服（鉴真）-潮服
电商品类成交偏好,潮品鞋服（鉴真）-潮鞋
电商品类成交偏好,潮品鞋服（鉴真）-潮品配饰
电商品类成交偏好,二手3C数码-数码3C配件
电商品类成交偏好,二手3C数码-电脑硬件电脑配件
电商品类成交偏好,二手3C数码-文体音像设备
电商品类成交偏好,二手3C数码-手机整机
电商品类成交偏好,二手3C数码-平板电脑
电商品类成交偏好,二手3C数码-笔记本电脑
电商品类成交偏好,新车-新车优惠券
电商品类成交偏好,电子元器件市场-连接器
电商品类成交偏好,DIY电脑-DIY兼容机
电商品类成交偏好,假发及配件-假发配件
电商品类成交偏好,假发及配件-假发
电商品牌成交偏好,Semir森马
电商品牌成交偏好,三資堂
电商品牌成交偏好,草本初色
电商品牌成交偏好,CAMEL骆驼
电商品牌成交偏好,balabala巴拉巴拉
电商品牌成交偏好,ANTA安踏
电商品牌成交偏好,Three Squirrels三只松鼠
电商品牌成交偏好,YAYA鸭鸭
电商品牌成交偏好,Deeyeo德佑
电商品牌成交偏好,IEF爱依服
电商品牌成交偏好,Judydoll橘朵
电商品牌成交偏好,俏爱缇
电商品牌成交偏好,Vinda维达
电商品牌成交偏好,bodorme贝德美
电商品牌成交偏好,波司登畅销全球72国
电商品牌成交偏好,LI-NING李宁
电商品牌成交偏好,植护
电商品牌成交偏好,KAZUKOIN小野和子
电商品牌成交偏好,盐津铺子
电商品牌成交偏好,Freemore自由点
电商品牌成交偏好,Mistine蜜丝婷
电商品牌成交偏好,AMORTALS尔木萄
电商品牌成交偏好,Moxun茉寻
电商品牌成交偏好,心相印
电商品牌成交偏好,UR
电商品牌成交偏好,PEACEBIRD太平鸟
电商品牌成交偏好,PROYA珀莱雅
电商品牌成交偏好,HLA海澜之家
电商品牌成交偏好,润本
电商品牌成交偏好,贝肽斯
电商品牌成交偏好,adidas阿迪达斯
电商品牌成交偏好,FunnyElves方里
电商品牌成交偏好,BESTORE良品铺子
电商品牌成交偏好,沫檬
电商品牌成交偏好,网易严选
电商品牌成交偏好,参半
电商品牌成交偏好,KIMTRUE且初
电商品牌成交偏好,Jeanswest真维斯
电商品牌成交偏好,诺特兰德
电商品牌成交偏好,luckin coffee瑞幸咖啡
电商品牌成交偏好,shiguangxue时光学
电商品牌成交偏好,3colour三彩
电商品牌成交偏好,FILA斐乐
电商品牌成交偏好,木子言
电商品牌成交偏好,pink bear皮可熊
电商品牌成交偏好,DEXTER戴·可·思
电商品牌成交偏好,SINSIN
电商品牌成交偏好,曼娜莎
电商品牌成交偏好,INMAN茵曼
电商品牌成交偏好,JOYNCLEON婧麒
电商品牌成交偏好,Sukgarden蔬果园
电商品牌成交偏好,BABI
电商品牌成交偏好,超能
电商品牌成交偏好,KANS韩束
电商品牌成交偏好,OSM欧诗漫
电商品牌成交偏好,forever key
电商品牌成交偏好,不集
电商品牌成交偏好,ESE·Y逸阳
电商品牌成交偏好,L’OREAL PARIS巴黎欧莱雅
电商品牌成交偏好,秋田满满
电商品牌成交偏好,Beneunder蕉下
电商品牌成交偏好,BKT
电商品牌成交偏好,谷雨
电商品牌成交偏好,AKF
电商品牌成交偏好,Safeguard舒肤佳
电商品牌成交偏好,Dettol滴露
电商品牌成交偏好,UNNY悠宜
电商品牌成交偏好,有棵树
电商品牌成交偏好,今麦郎
电商品牌成交偏好,airfunk
电商品牌成交偏好,RNW如薇
电商品牌成交偏好,ZEESEA滋色
电商品牌成交偏好,宛禾米线
电商品牌成交偏好,PUCO
电商品牌成交偏好,MEIKANG美康粉黛
电商品牌成交偏好,YeeHoO英氏
电商品牌成交偏好,Little Dream Garden半亩花田
电商品牌成交偏好,Red earth红地球
电商品牌成交偏好,anta kids安踏儿童
电商品牌成交偏好,BE&CHEERY百草味
电商品牌成交偏好,PRAMY柏瑞美
电商品牌成交偏好,可复美
电商品牌成交偏好,甄磨坊
电商品牌成交偏好,Oreo奥利奥
电商品牌成交偏好,babycare
电商品牌成交偏好,洁丽雅
电商品牌成交偏好,脱骨侠
电商品牌成交偏好,水卫仕
电商品牌成交偏好,BABREA芭贝拉
电商品牌成交偏好,Kotex高洁丝
电商品牌成交偏好,SNOW FLYING雪中飞
电商品牌成交偏好,十月稻田
电商品牌成交偏好,TFIT媞妃特
电商品牌成交偏好,臭宝
电商品牌成交偏好,kangaroo mommy袋鼠妈妈
电商品牌成交偏好,KATO
电商品牌成交偏好,RELLET颐莲
电商品牌成交偏好,卫龙
电商品牌成交偏好,M&G晨光
电商品牌成交偏好,立白
电商品牌成交偏好,兔头妈妈
电商品牌成交偏好,C&S洁柔
电商品牌成交偏好,INTOYOU
电商品牌成交偏好,ADOPT A COW认养一头牛
电商品牌成交偏好,PANTENE潘婷
电商品牌成交偏好,蜀中桃子姐
电商品牌成交偏好,Hotwind热风
电商品牌成交偏好,宜婴
电商品牌成交偏好,豪士
电商品牌成交偏好,fiboo她练
电商品牌成交偏好,Deer Blue小鹿蓝蓝
电商品牌成交偏好,CHARLES&KEITH
电商品牌成交偏好,Uniqlo优衣库
电商品牌成交偏好,觅橘
电商品牌成交偏好,Hi!papa海龟爸爸
电商品牌成交偏好,多情猫
电商品牌成交偏好,斗半匠
电商品牌成交偏好,蓝月亮
电商品牌成交偏好,阿宽
电商品牌成交偏好,Voolga敷尔佳
电商品牌成交偏好,淘淘氧棉
电商品牌成交偏好,ELLE
电商品牌成交偏好,IKV
电商品牌成交偏好,Bubandi布班迪
电商品牌成交偏好,丹欣妮
电商品牌成交偏好,matern‘ella子初
电商品牌成交偏好,COLORKEY珂拉琪
电商品牌成交偏好,Laroche-Posay理肤泉
电商品牌成交偏好,茶口乐
电商品牌成交偏好,妇炎洁
电商品牌成交偏好,PIARA
电商品牌成交偏好,舞青衣
电商品牌成交偏好,3CE三熹玉
电商品牌成交偏好,Little Ondine小奥汀
电商品牌成交偏好,Purcotton全棉时代
电商品牌成交偏好,F426
电商品牌成交偏好,timage彩棠
电商品牌成交偏好,MENOW美诺
电商品牌成交偏好,MOODY
电商品牌成交偏好,Dear Irean独特艾琳
电商品牌成交偏好,锋味派
电商品牌成交偏好,Engnice英氏
电商品牌成交偏好,JIABUJIA贾不假
电商品牌成交偏好,FLYCO飞科
电商品牌成交偏好,LEDIN乐町
电商品牌成交偏好,OUT-OF-OFFICE哦野
电商品牌成交偏好,CARSLAN卡姿兰
电商品牌成交偏好,GAP盖璞
电商品牌成交偏好,金豆芽
电商品牌成交偏好,天海藏
电商品牌成交偏好,满小饱
电商品牌成交偏好,Victoria'sSecret维多利亚的秘密
电商品牌成交偏好,Florasis花西子
电商品牌成交偏好,SPES诗裴丝
电商品牌成交偏好,Ubras
电商品牌成交偏好,usmile
电商品牌成交偏好,UODO优沃朵
电商品牌成交偏好,CHANDO自然堂
电商品牌成交偏好,SKECHERS斯凯奇
电商品牌成交偏好,SOCORSKIN修可芙
电商品牌成交偏好,HUANQIU环球
电商品牌成交偏好,达肤妍
电商品牌成交偏好,七小七
电商品牌成交偏好,荔树
电商品牌成交偏好,Enoulite英氏忆格
电商品牌成交偏好,EIIO奕沃
电商品牌成交偏好,BLOOMAGE BIOTECH华熙生物
电商品牌成交偏好,Bear Coming小熊驾到
电商品牌成交偏好,Mr.wish心愿先生
电商品牌成交偏好,Ufeel
电商品牌成交偏好,元气达人
电商品牌成交偏好,花田熊
电商品牌成交偏好,CHJ潮宏基
电商品牌成交偏好,ZOU SAN HE邹三和
电商品牌成交偏好,宝宝馋了
电商品牌成交偏好,Bananain蕉内
电商品牌成交偏好,白惜
电商品牌成交偏好,c咖
电商品牌成交偏好,MR.YANG杨先生
电商品牌成交偏好,MAOGEPING毛戈平
电商品牌成交偏好,ONLY
电商品牌成交偏好,duoduomian朵朵棉
电商品牌成交偏好,FILAKIDS
电商品牌成交偏好,慕玛星厨
电商品牌成交偏好,XTEP特步
电商品牌成交偏好,KOCOTREE
电商品牌成交偏好,清风
电商品牌成交偏好,亚朵生活
电商品牌成交偏好,COROU可心柔
电商品牌成交偏好,壹品印象
电商品牌成交偏好,佳帮手
电商品牌成交偏好,Prof.Ling凌博士
电商品牌成交偏好,皇家小虎
电商品牌成交偏好,冷酸灵
电商品牌成交偏好,HBN
电商品牌成交偏好,秉秀
电商品牌成交偏好,Luckmeey幸棉
电商品牌成交偏好,罗娜女神
电商品牌成交偏好,CHIOTURE稚优泉
电商品牌成交偏好,兰
电商品牌成交偏好,erke鸿星尔克
电商品牌成交偏好,Grandpa s Farm爷爷的农场
电商品牌成交偏好,DEESHA笛莎
电商品牌成交偏好,COMBO
电商品牌成交偏好,世喜
电商品牌成交偏好,Deli得力
电商品牌成交偏好,VIA薇尔
电商品牌成交偏好,Za姬芮
电商品牌成交偏好,柳丝木
电商品牌成交偏好,向日花
电商品牌成交偏好,鑫鑫同学
电商品牌成交偏好,Marubi丸美
电商品牌成交偏好,大卫
电商品牌成交偏好,Perfect Diary完美日记
电商品牌成交偏好,ROMOSS罗马仕
电商品牌成交偏好,诺梵
电商品牌成交偏好,LEASUN FOOD林家鋪子
电商品牌成交偏好,L ADORE COLORS烙色
电商品牌成交偏好,MissWiss
电商品牌成交偏好,AJIDOU阿吉豆
电商品牌成交偏好,LUX力士
电商品牌成交偏好,Puma彪马
电商品牌成交偏好,head&shoulders海飞丝
电商品牌成交偏好,王饱饱
电商品牌成交偏好,回味一梦
电商品牌成交偏好,watercome水之蔻
电商品牌成交偏好,Midea美的
电商品牌成交偏好,豫道食品
电商品牌成交偏好,宏途
电商品牌成交偏好,PASSIONALLOVER恋火
电商品牌成交偏好,TATA他她
电商品牌成交偏好,王小卤
电商品牌成交偏好,SUPOR苏泊尔
电商品牌成交偏好,丸丫
电商品牌成交偏好,芊小白
电商品牌成交偏好,champion
电商品牌成交偏好,阪织屋
电商品牌成交偏好,simpcare溪木源
电商品牌成交偏好,SMOOKY
电商品牌成交偏好,DABAO大宝
电商品牌成交偏好,LIGHT UP轻上
电商品牌成交偏好,YALGET雅丽洁
电商品牌成交偏好,造物者
电商品牌成交偏好,LUSN如山
电商品牌成交偏好,蜡象
电商品牌成交偏好,Saky舒客+
电商品牌成交偏好,WANT-WANT旺旺
电商品牌成交偏好,谷本日记
电商品牌成交偏好,OLLY
电商品牌成交偏好,WIS
电商品牌成交偏好,Pampers帮宝适
电商品牌成交偏好,SHUEHO树可
电商品牌成交偏好,MISSYOU好想你
电商品牌成交偏好,BIBIZAN比比赞
电商品牌成交偏好,SPACE7七度空间
电商品牌成交偏好,橙子快跑
电商品牌成交偏好,Tempo得宝
电商品牌成交偏好,OCAK欧扎克
电商品牌成交偏好,Anmous安慕斯
电商品牌成交偏好,Hungchi红之
电商品牌成交偏好,your pure羽素
电商品牌成交偏好,DARLIE好来
电商品牌成交偏好,DR.WU达尔肤
电商品牌成交偏好,5·3科学备考
电商品牌成交偏好,MARIE DALGAR玛丽黛佳
电商品牌成交偏好,CHUNGUANG春光
电商品牌成交偏好,Mini Bala迷你巴拉
电商品牌成交偏好,OLAY玉兰油
电商品牌成交偏好,gik
电商品牌成交偏好,学而思
电商品牌成交偏好,OLAY PCCOLAY身体护理
电商品牌成交偏好,Curbblan卡伴
电商品牌成交偏好,FLORTTE花洛莉亚
电商品牌成交偏好,黑人
电商品牌成交偏好,Joyoung soymilk九阳豆浆
电商品牌成交偏好,full of hope希望树
电商品牌成交偏好,York Zoom
电商品牌成交偏好,大希地
电商品牌成交偏好,Baseus倍思
电商品牌成交偏好,英格翰
电商品牌成交偏好,星满厨
电商品牌成交偏好,Xiaomi小米
电商品牌成交偏好,SMARTDEVIL闪魔
电商品牌成交偏好,佳婴
电商品牌成交偏好,Pigeon贝亲
电商品牌成交偏好,SIMWOOD简木
电商品牌成交偏好,BeLLE百丽
电商品牌成交偏好,桃李
电商品牌成交偏好,QUAKER桂格
电商品牌成交偏好,XIAGUNAI夏谷奈
电商品牌成交偏好,TAILI太力
电商品牌成交偏好,yearcon意尔康
电商品牌成交偏好,Myfoodie麦富迪
电商品牌成交偏好,祥禾饽饽铺
电商品牌成交偏好,饭匹兄弟
电商品牌成交偏好,NEW BALANCE
电商品牌成交偏好,EDIFIER漫步者
电商品牌成交偏好,屋头
电商品牌成交偏好,PMPM
电商品牌成交偏好,光合星球
电商品牌成交偏好,WINONA薇诺娜
电商品牌成交偏好,éifini伊芙丽
电商品牌成交偏好,minayo
电商品牌成交偏好,BABY BUS宝宝巴士
电商品牌成交偏好,musecr五月私语
电商品牌成交偏好,SKYNFUTURE肌肤未来
电商品牌成交偏好,LEGENDSANDY
电商品牌成交偏好,EverShine永亮
电商品牌成交偏好,S.deer圣迪奥
电商品牌成交偏好,eral艾莱依
电商品牌成交偏好,Basic House百家好
电商品牌成交偏好,弥玥泉
电商品牌成交偏好,Dove德芙
电商品牌成交偏好,秋水伊人
电商品牌成交偏好,COACH蔻驰
电商品牌成交偏好,南国
电商品牌成交偏好,Dangerouspeople
电商品牌成交偏好,SUNNER圣农
电商品牌成交偏好,Nivea妮维雅
电商品牌成交偏好,脆升升
电商品牌成交偏好,Aocilenda澳兰黛
电商品牌成交偏好,geoskincare纽西之谜
电商品牌成交偏好,kakaye卡卡业
电商品牌成交偏好,COMFORT金纺
电商品牌成交偏好,WOSADO悦瞳
电商品牌成交偏好,Kilala可啦啦
电商品牌成交偏好,六品堂
电商品牌成交偏好,FILA FUSION
电商品牌成交偏好,Dr.cheese奶酪博士
电商品牌成交偏好,麻辣王子
电商品牌成交偏好,Hapsode悦芙媞
电商品牌成交偏好,⁣Peterson’s Lab毕生之研
电商品牌成交偏好,盼盼
电商品牌成交偏好,飞跃
电商品牌成交偏好,Joocyee酵色
电商品牌成交偏好,FOCONIE法蔻尼
电商品牌成交偏好,Sudee素玳
电商品牌成交偏好,好欢螺
电商品牌成交偏好,AIKUUBEAR爱酷熊
电商品牌成交偏好,Veet薇婷
电商品牌成交偏好,丝飘
电商品牌成交偏好,桃又野
电商品牌成交偏好,Huggies好奇
电商品牌成交偏好,yololand有乐岛
电商品牌成交偏好,DAVE&BELLA戴维贝拉
电商品牌成交偏好,Vaseline凡士林
电商品牌成交偏好,舒莱
电商品牌成交偏好,Vero Moda
电商品牌成交偏好,隆力奇
电商品牌成交偏好,白象
电商品牌成交偏好,Oinny
电商品牌成交偏好,宫芙
电商品牌成交偏好,川香秋月
电商品牌成交偏好,Under Armour安德玛
电商品牌成交偏好,flowerknows花知晓
电商品牌成交偏好,迈洁斯
电商品牌成交偏好,Youngdoctor青颜博士
电商品牌成交偏好,悦鲜活
电商品牌成交偏好,一只鱼
电商品牌成交偏好,GLOWSIS光言
电商品牌成交偏好,INOHERB相宜本草
电商品牌成交偏好,SOFY苏菲
电商品牌成交偏好,陈薯
电商品牌成交偏好,OHBABY欧贝比
电商品牌成交偏好,星芝亮
电商品牌成交偏好,小度
电商品牌成交偏好,XUDONG FOOD旭东
电商品牌成交偏好,V雅鹿
电商品牌成交偏好,FPF
电商品牌成交偏好,beijirog北极绒
电商品牌成交偏好,ZHUBEN逐本
电商品牌成交偏好,Dr.Alva瑷尔博士
电商品牌成交偏好,Miss Candy糖果小姐
电商品牌成交偏好,鹿竹
电商品牌成交偏好,阿凡迪
电商品牌成交偏好,Easy your home易优家
电商品牌成交偏好,XIAOSHUMEI小树美
电商品牌成交偏好,聪厨
电商品牌成交偏好,9 34
电商品牌成交偏好,Maybelline美宝莲
电商品牌成交偏好,lena
电商品牌成交偏好,Haier海尔
电商品牌成交偏好,Lay’s乐事
电商品牌成交偏好,life space
电商品牌成交偏好,Rocking zoo摇滚动物园
电商品牌成交偏好,食验室
电商品牌成交偏好,李陌茶
电商品牌成交偏好,RedDog红狗
电商品牌成交偏好,官栈
电商品牌成交偏好,MINISO名创优品
电商品牌成交偏好,ginoble基诺浦
电商品牌成交偏好,361°
电商品牌成交偏好,ONEFIRE万火
电商品牌成交偏好,RIO锐澳
电商品牌成交偏好,嘉利玛
电商品牌成交偏好,软风研究社
电商品牌成交偏好,green farm绿色农场
电商品牌成交偏好,OSA
电商品牌成交偏好,一本
电商品牌成交偏好,露俏
电商品牌成交偏好,DXC稻香村
电商品牌成交偏好,织造司
电商品牌成交偏好,五个女博士
电商品牌成交偏好,BEE&FLOWER蜂花
电商品牌成交偏好,FREGATE弗列加特
电商品牌成交偏好,松鲜鲜
电商品牌成交偏好,genlese真丽斯
电商品牌成交偏好,妙可蓝多
电商品牌成交偏好,轻氧
电商品牌成交偏好,MANCODES左颜右色
电商品牌成交偏好,MOLYVIVI
电商品牌成交偏好,NONGFU SPRING农夫山泉
电商品牌成交偏好,兰格格
电商品牌成交偏好,Genji food源氏
电商品牌成交偏好,ecoco意可可
电商品牌成交偏好,OSA欧莎
电商品牌成交偏好,Riwa雷瓦
电商品牌成交偏好,SHARKFIT鲨鱼菲特
电商品牌成交偏好,Cerave适乐肤
电商品牌成交偏好,witsBB健敏思
电商品牌成交偏好,素之然
电商品牌成交偏好,HomeFacialPro
电商品牌成交偏好,食族人
电商品牌成交偏好,Panasonic松下
电商品牌成交偏好,曼妮芬
电商品牌成交偏好,徐福记
电商品牌成交偏好,Hydron海昌
电商品牌成交偏好,Lancome兰蔻
电商品牌成交偏好,沃尊
电商品牌成交偏好,浅香
电商品牌成交偏好,宽福
电商品牌成交偏好,VS沙宣
电商品牌成交偏好,Vans
电商品牌成交偏好,XENBEA新贝
电商品牌成交偏好,派迪诺
电商品牌成交偏好,MedRepair米蓓尔
电商品牌成交偏好,金鹤
电商品牌成交偏好,A.H.C爱和纯
电商品牌成交偏好,kuka顾家家居
电商品牌成交偏好,Purich醇粹
电商品牌成交偏好,乌江
电商品牌成交偏好,Mask Family膜法世家
电商品牌成交偏好,两三事
电商品牌成交偏好,plantpro
电商品牌成交偏好,ANESSA安热沙
电商品牌成交偏好,a1
电商品牌成交偏好,植物主义
电商品牌成交偏好,MQD
电商品牌成交偏好,透蜜
电商品牌成交偏好,sobam索邦
电商品牌成交偏好,BOP波普专研
电商品牌成交偏好,CEMOY澳诗茉
电商品牌成交偏好,肉敢当
电商品牌成交偏好,梅见
电商品牌成交偏好,HOPE SHOW红袖
电商品牌成交偏好,HADAY海天
电商品牌成交偏好,FROGPRINCE青蛙王子
电商品牌成交偏好,唯一俏
电商品牌成交偏好,herlab她研社
电商品牌成交偏好,春秋故事
电商品牌成交偏好,tonlion唐狮
电商品牌成交偏好,Airmeter空刻
电商品牌成交偏好,至本
电商品牌成交偏好,KONO
电商品牌成交偏好,普安特
电商品牌成交偏好,YI KA逸卡
电商品牌成交偏好,Converse匡威
电商品牌成交偏好,Josiny卓诗尼
电商品牌成交偏好,KAM YUEN甘源
电商品牌成交偏好,Befe
电商品牌成交偏好,福派
电商品牌成交偏好,TERUN天润
电商品牌成交偏好,Zuohongyoubei左烘右焙
电商品牌成交偏好,iFLYTEK科大讯飞
电商品牌成交偏好,ROMON罗蒙
电商品牌成交偏好,Heinz亨氏
电商品牌成交偏好,徕芬
电商品牌成交偏好,珂岸
电商品牌成交偏好,有道
电商品牌成交偏好,DEPOUND
电商品牌成交偏好,中乔
电商品牌成交偏好,LILANZ利郎
电商品牌成交偏好,珍视明
电商品牌成交偏好,COBOR可贝尔
电商品牌成交偏好,优瞳
电商品牌成交偏好,江中
电商品牌成交偏好,OISHI上好佳
电商品牌成交偏好,UGREEN绿联
电商品牌成交偏好,西贝莜面村
电商品牌成交偏好,FANCI范琦
电商品牌成交偏好,怡宝
电商品牌成交偏好,QIAODAN乔丹
电商品牌成交偏好,boben泊本
电商品牌成交偏好,UKISS悠珂思
电商品牌成交偏好,妙潔
电商品牌成交偏好,YYKPP
电商品牌成交偏好,chillmore
电商品牌成交偏好,高爷家
电商品牌成交偏好,yiwaeye伊娃爱
电商品牌成交偏好,原神
电商品牌成交偏好,BULL公牛
电商品牌成交偏好,都市芊郦
电商品牌成交偏好,SEVENCHIC
电商品牌成交偏好,洛伊士
电商品牌成交偏好,红谷林
电商品牌成交偏好,chief车仆
电商品牌成交偏好,足力健
电商品牌成交偏好,Estee Lauder雅诗兰黛
电商品牌成交偏好,XIAOMIBU小米步
电商品牌成交偏好,MELNG美菱
电商品牌成交偏好,blispring冰泉
电商品牌成交偏好,ClorisLand花皙蔻
电商品牌成交偏好,DERMABELL德玛贝尔
电商品牌成交偏好,大水滴
电商品牌成交偏好,ELF SACK妖精的口袋
电商品牌成交偏好,哈啰
电商品牌成交偏好,Septwolves七匹狼
电商品牌成交偏好,周六福
电商品牌成交偏好,喜家家
电商品牌成交偏好,D-CAL迪巧
电商品牌成交偏好,CLEAR清扬
电商品牌成交偏好,Ecosure Care优可舒
电商品牌成交偏好,yoose有色
电商品牌成交偏好,Relea物生物
电商品牌成交偏好,MeSmooth
电商品牌成交偏好,Ecovacs科沃斯
电商品牌成交偏好,官耳
电商品牌成交偏好,Anjoy安井
电商品牌成交偏好,Ladycare洁婷
电商品牌成交偏好,窝小芽
电商品牌成交偏好,宝婴美
电商品牌成交偏好,FFX
电商品牌成交偏好,思念
电商品牌成交偏好,本草纲目
电商品牌成交偏好,袋鼠先生
电商品牌成交偏好,Beazero未零
电商品牌成交偏好,LIUM溜溜梅
电商品牌成交偏好,野营者
电商品牌成交偏好,美洋
电商品牌成交偏好,Xueersi online学而思网校
电商品牌成交偏好,whisper护舒宝
电商品牌成交偏好,GOTDYA高缇雅
电商品牌成交偏好,Colgate高露洁
电商品牌成交偏好,周黑鸭
电商品牌成交偏好,Teenie Weenie
电商品牌成交偏好,臻圆满
电商品牌成交偏好,SKY FIRE天火
电商品牌成交偏好,starbucks星巴克
电商品牌成交偏好,MORPHY RICHARDS摩飞电器
电商品牌成交偏好,SHE LOG稀物集
电商品牌成交偏好,德克西
电商品牌成交偏好,nuotai诺泰
电商品牌成交偏好,Walch威露士
电商品牌成交偏好,莫奈
电商品牌成交偏好,SEAKLAM海肌兰
电商品牌成交偏好,雅萌
电商品牌成交偏好,莎瑞诗
电商品牌成交偏好,Chow Tai Seng周大生
电商品牌成交偏好,七年五季
电商品牌成交偏好,三全
电商品牌成交偏好,ZhongSanqing中三清
电商品牌成交偏好,kissport
电商品牌成交偏好,志辉
电商品牌成交偏好,膜法匠
电商品牌成交偏好,I'MINT
电商品牌成交偏好,海狸先生
电商品牌成交偏好,康师傅
电商品牌成交偏好,The history of Whoo后
电商品牌成交偏好,QISHUIHUA七水花
电商品牌成交偏好,麦当劳
电商品牌成交偏好,Knorr家乐
电商品牌成交偏好,POP MART泡泡玛特
电商品牌成交偏好,Wahson华生
电商品牌成交偏好,LEE KUM KEE李锦记
电商品牌成交偏好,榴芒一刻
电商品牌成交偏好,爱拉图
电商品牌成交偏好,Nourse卫仕
电商品牌成交偏好,MOLSOILED魔渍
电商品牌成交偏好,BOOMJOY宝家洁
电商品牌成交偏好,舒蕾
电商品牌成交偏好,易蓓
电商品牌成交偏好,欧拉
电商品牌成交偏好,Pelliot伯希和
电商品牌成交偏好,Bear小熊
电商品牌成交偏好,OES
电商品牌成交偏好,COFOE可孚
电商品牌成交偏好,真喜利
电商品牌成交偏好,万唯中考
电商品牌成交偏好,VC
电商品牌成交偏好,KIKO
电商品牌成交偏好,Suncha双枪
电商品牌成交偏好,Crest佳洁士
电商品牌成交偏好,十月结晶
电商品牌成交偏好,阴山优麦
电商品牌成交偏好,喵小侠
电商品牌成交偏好,SHIFENLA食分辣
电商品牌成交偏好,DIOR迪奥
电商品牌成交偏好,Mo&co.摩安珂
电商品牌成交偏好,学而思因材
电商品牌成交偏好,ZEGL
电商品牌成交偏好,TYMO
电商品牌成交偏好,BEGGI鼻精灵
电商品牌成交偏好,Fish4Dogs海洋之星
电商品牌成交偏好,JIAJIA加加
电商品牌成交偏好,科净威
电商品牌成交偏好,朴誉
电商品牌成交偏好,LOUIS YAO白鹿语
电商品牌成交偏好,仲景
电商品牌成交偏好,Durex杜蕾斯
电商品牌成交偏好,双汇
电商品牌成交偏好,KÖBACH康巴赫
电商品牌成交偏好,可爱多
电商品牌成交偏好,Roye
电商品牌成交偏好,轩妈
电商品牌成交偏好,头厨
电商品牌成交偏好,cature小壳
电商品牌成交偏好,YINGYA婴芽
电商品牌成交偏好,凯叔讲故事
电商品牌成交偏好,蜜禾
电商品牌成交偏好,FV
电商品牌成交偏好,DR.YU玉泽
电商品牌成交偏好,QQ星
电商品牌成交偏好,DiCHU涤初
电商品牌成交偏好,Bio-MESO肌活
电商品牌成交偏好,哈药
电商品牌成交偏好,LIANHUA莲花
电商品牌成交偏好,小彼恩
电商品牌成交偏好,Schwarzkopf施华蔻
电商品牌成交偏好,MAC魅可
电商品牌成交偏好,Ochirly欧时力
电商品牌成交偏好,富光
电商品牌成交偏好,Caran·Y卡拉羊
电商品牌成交偏好,燕之坊
电商品牌成交偏好,Lemonade
电商品牌成交偏好,ZDEER左点
电商品牌成交偏好,K-SKIN金稻
电商品牌成交偏好,阿尔法蛋
电商品牌成交偏好,OULAIJIA欧莱加
电商品牌成交偏好,春日来信
电商品牌成交偏好,MERCURY水星家纺
电商品牌成交偏好,Jack Jones杰克琼斯
电商品牌成交偏好,Goldfarm高梵
电商品牌成交偏好,Toptrees领先
电商品牌成交偏好,百菲酪
电商品牌成交偏好,松达
电商品牌成交偏好,江中食疗
电商品牌成交偏好,GENIO LAMODE
电商品牌成交偏好,疯狂小狗
电商品牌成交偏好,泡小燕
电商品牌成交偏好,暴肌独角兽
电商品牌成交偏好,BIO LAB听研
电商品牌成交偏好,劲仔
电商品牌成交偏好,emxee嫚熙
电商品牌成交偏好,YSL圣罗兰
电商品牌成交偏好,迷奇
电商品牌成交偏好,花至
电商品牌成交偏好,简爱
电商品牌成交偏好,渣渣灰
电商品牌成交偏好,LaPeche拉拜诗
电商品牌成交偏好,人仁和
电商品牌成交偏好,态诗雅
电商品牌成交偏好,TUOREN驼人
电商品牌成交偏好,Mr.Bu布先生
电商品牌成交偏好,千奈美
电商品牌成交偏好,辰辰妈
电商品牌成交偏好,Jessyline杰茜莱
电商品牌成交偏好,FABLOOX馥碧诗
电商品牌成交偏好,PAYERBACH佩耶巴
电商品牌成交偏好,Rainbow彩虹
电商品牌成交偏好,TCL
电商品牌成交偏好,SKSHU三棵树
电商品牌成交偏好,椰子知道
电商品牌成交偏好,Larbee蜡笔小新
电商品牌成交偏好,WONDERLAB万益蓝
电商品牌成交偏好,liulian·xishi榴莲西施
电商品牌成交偏好,迈巴勒
电商品牌成交偏好,Fovulaem枫竺
电商品牌成交偏好,泸州老窖头曲
电商品牌成交偏好,医束美
电商品牌成交偏好,miguhara咪咕哈啦
电商品牌成交偏好,YADEA雅迪
电商品牌成交偏好,WassupHouse
电商品牌成交偏好,CODE MINT纨素之肤
电商品牌成交偏好,Winona Baby薇诺娜宝贝
电商品牌成交偏好,RUIZU锐族
电商品牌成交偏好,上海药皂
电商品牌成交偏好,YANZAO焱造
电商品牌成交偏好,Miao Li妙立
电商品牌成交偏好,衣香丽影
电商品牌成交偏好,壹核堂
电商品牌成交偏好,凯兰登
电商品牌成交偏好,Jmoon极萌
电商品牌成交偏好,Swisse斯维诗
电商品牌成交偏好,OPPO
电商品牌成交偏好,CUKO
电商品牌成交偏好,tasogare隅田川
电商品牌成交偏好,JAVLCOCE娇可可
电商品牌成交偏好,FUANNA富安娜
电商品牌成交偏好,MENGNIU蒙牛
电商品牌成交偏好,海福盛
电商品牌成交偏好,KBNE卡贝奈尔
电商品牌成交偏好,饭乎
电商品牌成交偏好,SHELI舌里
电商品牌成交偏好,五谷磨房
电商品牌成交偏好,JOVISSE
电商品牌成交偏好,玛莎诺娅
电商品牌成交偏好,DERMAFIRM德妃
电商品牌成交偏好,爪爪博士
电商品牌成交偏好,小米移动
电商品牌成交偏好,叮叮懒人菜
电商品牌成交偏好,Dohia.com多喜爱
电商品牌成交偏好,OVL
电商品牌成交偏好,uzis
电商品牌成交偏好,COOKER KING炊大皇
电商品牌成交偏好,breo倍轻松
电商品牌成交偏好,贝莱健
电商品牌成交偏好,青羽雀
电商品牌成交偏好,阿么
电商品牌成交偏好,棉妮佳
电商品牌成交偏好,Alessandro Paccuci
电商品牌成交偏好,云妃秀
电商品牌成交偏好,网易天成
电商品牌成交偏好,无上味觉
电商品牌成交偏好,iWALK爱沃可
电商品牌成交偏好,久岁伴
电商品牌成交偏好,天狼
电商品牌成交偏好,Selfieshow靓点拍
电商品牌成交偏好,UNISKIN优时颜
电商品牌成交偏好,满分小学霸
电商品牌成交偏好,zwilling双立人
电商品牌成交偏好,Wilson威尔胜
电商品牌成交偏好,妃鱼
电商品牌成交偏好,叮咚买菜
电商品牌成交偏好,爪大娘
电商品牌成交偏好,阿道夫
电商品牌成交偏好,JIDODO吉多多
电商品牌成交偏好,芬斯狄娜
电商品牌成交偏好,Moucee
电商品牌成交偏好,MAIGUCUN麦谷村
电商品牌成交偏好,WETCODE水密码
电商品牌成交偏好,ein.b怡恩贝
电商品牌成交偏好,BOTTLEDJOY
电商品牌成交偏好,POREE博锐
电商品牌成交偏好,CHEERSHOME芝华仕
电商品牌成交偏好,WEICA维尔卡特
电商品牌成交偏好,papa爬爬
电商品牌成交偏好,汉鼎
电商品牌成交偏好,Benks邦克仕
电商品牌成交偏好,AMIRO
电商品牌成交偏好,云思木想
电商品牌成交偏好,d'zzit
电商品牌成交偏好,懒角落
电商品牌成交偏好,Uringo七彩叮当
电商品牌成交偏好,简醇
电商品牌成交偏好,BURGER KING汉堡王
电商品牌成交偏好,田园主义
电商品牌成交偏好,Erno Laszlo奥伦纳素
电商品牌成交偏好,Jenner Kendal
电商品牌成交偏好,ROBINHOOD罗宾汉
电商品牌成交偏好,ZIKE Up For L'Or姿珂莱
电商品牌成交偏好,猫大力
电商品牌成交偏好,林小生
电商品牌成交偏好,品味人家
电商品牌成交偏好,路易斯悍马
电商品牌成交偏好,町故事
电商品牌成交偏好,吉利汽车
电商品牌成交偏好,苏醒的乐园
电商品牌成交偏好,蒙牛早餐奶
电商品牌成交偏好,五菱汽车
电商品牌成交偏好,璇知物
电商品牌成交偏好,翼眠
电商品牌成交偏好,程校长
电商品牌成交偏好,ck&wq
电商品牌成交偏好,健视佳
电商品牌成交偏好,bixdo倍至
电商品牌成交偏好,SAMYANG三养
电商品牌成交偏好,NAVARCH耐威克
电商品牌成交偏好,We are Manner
电商品牌成交偏好,古讴卡
电商品牌成交偏好,L'occitane欧舒丹
电商品牌成交偏好,honor荣耀
电商品牌成交偏好,hcgn浒城古娘
电商品牌成交偏好,XGIMI极米
电商品牌成交偏好,YINER音儿
电商品牌成交偏好,COFANCY可糖
电商品牌成交偏好,仟味神厨
电商品牌成交偏好,NEI WAI内外
电商品牌成交偏好,Alfie&Buddy阿飞和巴弟
电商品牌成交偏好,VT薇缔
电商品牌成交偏好,MISS SIXTY
电商品牌成交偏好,BECKBEKA
电商品牌成交偏好,antas安泰
电商品牌成交偏好,Dragon Tooth龙牙
电商品牌成交偏好,大江
电商品牌成交偏好,HONEYCARE心宠
电商品牌成交偏好,田英章
电商品牌成交偏好,西西来了
电商品牌成交偏好,DPI
电商品牌成交偏好,喜茶
电商品牌成交偏好,T-Garden
电商品牌成交偏好,福满棚
电商品牌成交偏好,TOMMYHILFIGER
电商品牌成交偏好,BACKATONE
电商品牌成交偏好,TRY-V创威
电商品牌成交偏好,MANTING满婷
电商品牌成交偏好,TSUYAGLA崔娅
电商品牌成交偏好,SHANNAI閃耐
电商品牌成交偏好,Calvin Klein
电商品牌成交偏好,MUHUO牧火
电商品牌成交偏好,Kaadas凯迪仕
电商品牌成交偏好,Utour
电商品牌成交偏好,Huawei华为
电商品牌成交偏好,恒都
电商品牌成交偏好,TasteMatters加点滋味
电商品牌成交偏好,海枫
电商品牌成交偏好,阪画屋
电商品牌成交偏好,CLASSIC TEDDY精典泰迪
电商品牌成交偏好,SATINE金典
电商品牌成交偏好,黄小姐
电商品牌成交偏好,HODO红豆
电商品牌成交偏好,辣小娘
电商品牌成交偏好,帅楠
电商品牌成交偏好,無印良品
电商品牌成交偏好,CONFU康夫
电商品牌成交偏好,CONBA康恩贝
电商品牌成交偏好,小猿
电商品牌成交偏好,爱朴
电商品牌成交偏好,HugoBoss雨果博斯
电商品牌成交偏好,IN-PLUS麦德氏
电商品牌成交偏好,keheal科西
电商品牌成交偏好,Girlcult
电商品牌成交偏好,华望
电商品牌成交偏好,RED CHAMBER
电商品牌成交偏好,Costa咖世家
电商品牌成交偏好,MEIZHAI美宅
电商品牌成交偏好,古井贡
电商品牌成交偏好,CHICKEN JOJO小鸡叫叫
电商品牌成交偏好,Dancing Up舞动奇迹
电商品牌成交偏好,梦洁
电商品牌成交偏好,固特威
电商品牌成交偏好,DR冬日
电商品牌成交偏好,OATS HOUSE NATUIAL燕谷坊
电商品牌成交偏好,金晔
电商品牌成交偏好,民和
电商品牌成交偏好,迦南阳光
电商品牌成交偏好,LooraPwd罗拉密码
电商品牌成交偏好,林氏家居
电商品牌成交偏好,舒适果
电商品牌成交偏好,MichaelKors迈克尔高司
电商品牌成交偏好,oralshark口腔鲨鱼
电商品牌成交偏好,Redmi红米
电商品牌成交偏好,花田萃
电商品牌成交偏好,dreame追觅
电商品牌成交偏好,broadcast播
电商品牌成交偏好,Cistto肤见
电商品牌成交偏好,JINKAIRUI金凯瑞
电商品牌成交偏好,莲讯客家购
电商品牌成交偏好,AIMER爱慕
电商品牌成交偏好,Unifree
电商品牌成交偏好,中康
电商品牌成交偏好,诺必行
电商品牌成交偏好,MAYIHEZI蚂蚁盒子
电商品牌成交偏好,SLEEMON喜临门
电商品牌成交偏好,vivo
电商品牌成交偏好,QINGSHENVHUANG轻奢女皇
电商品牌成交偏好,肯德基
电商品牌成交偏好,东方文澜
电商品牌成交偏好,GNC健安喜
电商品牌成交偏好,南山食畔
电商品牌成交偏好,浙梅
电商品牌成交偏好,美鑫达
电商品牌成交偏好,YUZHAOLIN俞兆林
电商品牌成交偏好,神宫
电商品牌成交偏好,五芳斋
电商品牌成交偏好,修正
电商品牌成交偏好,作业帮
电商品牌成交偏好,Ulike
电商品牌成交偏好,铜师傅
电商品牌成交偏好,朴西
电商品牌成交偏好,泓一
电商品牌成交偏好,北纬47°
电商品牌成交偏好,作业帮直播课
电商品牌成交偏好,babysheep
电商品牌成交偏好,FORNI
电商品牌成交偏好,Nippon Paint立邦
电商品牌成交偏好,Pure&Natural伯纳天纯
电商品牌成交偏好,执杆江湖
电商品牌成交偏好,本该时鲜
电商品牌成交偏好,NACO
电商品牌成交偏好,三青漆
电商品牌成交偏好,爆猪
电商品牌成交偏好,MARC&JANIE
电商品牌成交偏好,QIANLIXIU纤莉秀
电商品牌成交偏好,墨雪
电商品牌成交偏好,moodytiger
电商品牌成交偏好,yunbaby孕贝
电商品牌成交偏好,wowo喔喔
电商品牌成交偏好,SID超人
电商品牌成交偏好,清宜
电商品牌成交偏好,莫小仙
电商品牌成交偏好,lantern兰亭
电商品牌成交偏好,贝可施
电商品牌成交偏好,JIADIAONI佳钓尼
电商品牌成交偏好,TAKSAT
电商品牌成交偏好,LOTOR小浣熊
电商品牌成交偏好,KALEIDOS万花镜
电商品牌成交偏好,COCO ZONE
电商品牌成交偏好,小田姑娘
电商品牌成交偏好,罗莱
电商品牌成交偏好,itutn爱图腾
电商品牌成交偏好,seamild西麦
电商品牌成交偏好,泸州老窖
电商品牌成交偏好,皮皮嘴
电商品牌成交偏好,The North Face北面
电商品牌成交偏好,Lenovo联想
电商品牌成交偏好,衬衫老罗
电商品牌成交偏好,TINECO添可
电商品牌成交偏好,UKILAU
电商品牌成交偏好,好人家
电商品牌成交偏好,十三姑
电商品牌成交偏好,Wahaha娃哈哈
电商品牌成交偏好,Le Pur’乐纯
电商品牌成交偏好,药都仁和
电商品牌成交偏好,WEIWEI维维
电商品牌成交偏好,拇指白小T
电商品牌成交偏好,kawu卡屋
电商品牌成交偏好,石一昆味
电商品牌成交偏好,陶陶居
电商品牌成交偏好,Reloading
电商品牌成交偏好,Kaalixto
电商品牌成交偏好,漫步者花再
电商品牌成交偏好,牛胖胖
电商品牌成交偏好,airmate艾美特
电商品牌成交偏好,jissbon杰士邦
电商品牌成交偏好,LANCY朗姿
电商品牌成交偏好,泛猫
电商品牌成交偏好,cleer
电商品牌成交偏好,Move Free益节
电商品牌成交偏好,秦妈
电商品牌成交偏好,HSAK汉鲨
电商品牌成交偏好,Deerma德尔玛
电商品牌成交偏好,雪兰
电商品牌成交偏好,SKG艾诗凯奇
电商品牌成交偏好,submarine潜水艇
电商品牌成交偏好,PIDAN
电商品牌成交偏好,seven7柒牌
电商品牌成交偏好,香百年
电商品牌成交偏好,权就
电商品牌成交偏好,kateistory家之物语
电商品牌成交偏好,TOUZHIMI透之谜
电商品牌成交偏好,厚生
电商品牌成交偏好,LIVEN利仁
电商品牌成交偏好,Jovs
电商品牌成交偏好,多燕瘦
电商品牌成交偏好,漠里优选
电商品牌成交偏好,povos奔腾
电商品牌成交偏好,嚼绊
电商品牌成交偏好,打丸哥
电商品牌成交偏好,东方树叶
电商品牌成交偏好,五月季
电商品牌成交偏好,Arsis
电商品牌成交偏好,wps
电商品牌成交偏好,四只猫
电商品牌成交偏好,FED飞尔顿
电商品牌成交偏好,GREEN BEANS BOOK青豆书坊
电商品牌成交偏好,Warrior回力
电商品牌成交偏好,映趣
电商品牌成交偏好,coffeebox连咖啡
电商品牌成交偏好,TSINGTAO青岛啤酒
电商品牌成交偏好,妈妈很忙
电商品牌成交偏好,ChaCheer洽洽
电商品牌成交偏好,全品
电商品牌成交偏好,JNBY江南布衣
电商品牌成交偏好,BYHEALTH
电商品牌成交偏好,HONESTBITE诚实一口
电商品牌成交偏好,OGP时光肌
电商品牌成交偏好,GIRDEAR哥弟
电商品牌成交偏好,Mermaid美人鱼
电商品牌成交偏好,俏舅妈
电商品牌成交偏好,轻龄大师
电商品牌成交偏好,高途
电商品牌成交偏好,Decathlon迪卡侬
电商品牌成交偏好,汇源
电商品牌成交偏好,雨范
电商品牌成交偏好,张小泉
电商品牌成交偏好,李子柒
电商品牌成交偏好,小茶日记
电商品牌成交偏好,HORIEN海俪恩
电商品牌成交偏好,M.Latin马·拉丁
电商品牌成交偏好,伊诗兰顿
电商品牌成交偏好,艾干净
电商品牌成交偏好,JUNLEBAO君乐宝
电商品牌成交偏好,ARIA LEISURE
电商品牌成交偏好,uwant就选
电商品牌成交偏好,FulQun芙清
电商品牌成交偏好,GXG
电商品牌成交偏好,Dyson戴森
电商品牌成交偏好,老金磨方
电商品牌成交偏好,DJI大疆
电商品牌成交偏好,PHILIPS飞利浦
电商品牌成交偏好,GLORIA歌莉娅
电商品牌成交偏好,ANKER安克
电商品牌成交偏好,南乙
电商品牌成交偏好,RIBENDINGDING
电商品牌成交偏好,BYHEALTH汤臣倍健
电商品牌成交偏好,英贝健
电商品牌成交偏好,特步
电商品牌成交偏好,SIX STAR六星
电商品牌成交偏好,喜之郎
电商品牌成交偏好,louiscardy路易卡迪
电商品牌成交偏好,德叔鲍鱼
电商品牌成交偏好,百年扁氏
电商品牌成交偏好,冷卡
电商品牌成交偏好,猿辅导
电商品牌成交偏好,YASEN雅森
电商品牌成交偏好,娅美乐
电商品牌成交偏好,Joyoung九阳
电商品牌成交偏好,BiosericaERA禾素时代
电商品牌成交偏好,TOMMARK唐魅可
电商品牌成交偏好,TKZ
电商品牌成交偏好,杏林草堂
电商品牌成交偏好,KEYLID健力多
电商品牌成交偏好,BIOHYALUX润百颜
电商品牌成交偏好,蝶岛海歌
电商品牌成交偏好,友臣
电商品牌成交偏好,’SEIFINI诗凡黎
电商品牌成交偏好,Mentholatum曼秀雷敦
电商品牌成交偏好,Zhong An Insurance众安保险
电商品牌成交偏好,普云
电商品牌成交偏好,Chanjet畅捷通
电商品牌成交偏好,YOULINGYOUSHI有零有食
电商品牌成交偏好,SALAXI莎莱茜
电商品牌成交偏好,喜德盛
电商品牌成交偏好,CASSIEY cosmetics
电商品牌成交偏好,Keep
电商品牌成交偏好,SNEFE雪玲妃
电商品牌成交偏好,HINSOCHA韩水仙
电商品牌成交偏好,海底捞调味料
电商品牌成交偏好,Reboto瑞佰拓
电商品牌成交偏好,OLAYKS
电商品牌成交偏好,TORRAS图拉斯
电商品牌成交偏好,南孚
电商品牌成交偏好,chuzhiyi厨之翼
电商品牌成交偏好,Shinho欣和
电商品牌成交偏好,MK鸭货
电商品牌成交偏好,ZAOSHIGUANG早食光
电商品牌成交偏好,QUADHA夸迪
电商品牌成交偏好,SKYWORTH创维
电商品牌成交偏好,陈生记
电商品牌成交偏好,Weidendorf德亚
电商品牌成交偏好,sopami
电商品牌成交偏好,DIGITALWOLF数码狼
电商品牌成交偏好,NPC
电商品牌成交偏好,汾酒
电商品牌成交偏好,aigo爱国者
电商品牌成交偏好,MontVoo迈特优
电商品牌成交偏好,bilibili
电商品牌成交偏好,SUNTORY三得利
电商品牌成交偏好,cabbeen卡宾
电商品牌成交偏好,FLWB韩愢
电商品牌成交偏好,遐
电商品牌成交偏好,印迹
电商品牌成交偏好,萤石
电商品牌成交偏好,莫易
电商品牌成交偏好,COGI高姿
电商品牌成交偏好,DESMAN德施曼
电商品牌成交偏好,SWAROVSKI施华洛世奇
电商品牌成交偏好,口袋旅行
电商品牌成交偏好,佩妮 6+1
电商品牌成交偏好,沃特浦
电商品牌成交偏好,霞湖世家
电商品牌成交偏好,Logitech罗技
电商品牌成交偏好,Rainbow star彩虹星球合作社
电商品牌成交偏好,香飘飘
电商品牌成交偏好,YIKUO忆括
电商品牌成交偏好,Huahou花后
电商品牌成交偏好,博商
电商品牌成交偏好,LYCOCELLE绽家
电商品牌成交偏好,QIANLINGMEI千灵美
电商品牌成交偏好,网易游戏
电商品牌成交偏好,PEAK匹克
电商品牌成交偏好,白云山敬修堂
电商品牌成交偏好,WHITE FOREST白森林
电商品牌成交偏好,xiabutou鲜捕头
电商品牌成交偏好,edition
电商品牌成交偏好,MsShe慕姗诗怡
电商品牌成交偏好,杨博士
电商品牌成交偏好,Totole太太乐
电商品牌成交偏好,轻元素
电商品牌成交偏好,TIANSHU天淑
电商品牌成交偏好,牛排保鲜局
电商品牌成交偏好,紫燕食品
电商品牌成交偏好,JUELREOU朱莉欧
电商品牌成交偏好,BIODERMA贝德玛
电商品牌成交偏好,Budweiser百威
电商品牌成交偏好,Lisen
电商品牌成交偏好,利磨坊
电商品牌成交偏好,斑马世界
电商品牌成交偏好,八马
电商品牌成交偏好,华夏希尔顿
电商品牌成交偏好,燕壹壹
电商品牌成交偏好,AJDE
电商品牌成交偏好,KELME卡尔美
电商品牌成交偏好,OPPLE欧普照明
电商品牌成交偏好,MAKE SENSE理然
电商品牌成交偏好,赊刀人
电商品牌成交偏好,天星教育
电商品牌成交偏好,植物妈妈
电商品牌成交偏好,AvecMoi
电商消费频次,(0，5]
电商消费频次,(5，10]
电商消费频次,(10，15]
电商消费频次,(15，20]
电商消费频次,(20，25]
电商消费频次,(25，30]
电商消费频次,(30，35]
电商消费频次,(35，40]
电商消费频次,(40，45]
电商消费频次,(45，+∞)
电商消费金额,(0，50]
电商消费金额,(50，100]
电商消费金额,(100，150]
电商消费金额,(150，200]
电商消费金额,(200，300]
电商消费金额,(300，500]
电商消费金额,(500，1000]
电商消费金额,(1000，1500]
电商消费金额,(1500，2000]
电商消费金额,(2000，+∞)
触点互动偏好,通投
触点互动偏好,抖音
触点互动偏好,火山
触点互动偏好,剪映
触点互动偏好,番茄小说
触点互动偏好,西瓜
触点互动偏好,住小帮
触点互动偏好,今日头条
触点互动偏好,通投-AD竞价搜索
触点互动偏好,通投-信息流全域通
触点互动偏好,通投-本地推视频推广
触点互动偏好,通投-本地推直播推广
触点互动偏好,通投-千川短视频图文带货
触点互动偏好,通投-千川直播带货
触点互动偏好,通投-开屏全域通
触点互动偏好,通投-品牌热榜
触点互动偏好,通投-千川直播竞价搜索
触点互动偏好,通投-搜索品专
触点互动偏好,通投-通投智选
触点互动偏好,通投-千川短视频图文搜索
触点互动偏好,通投-小店随心推
触点互动偏好,抖音-DOU+
触点互动偏好,抖音-星图视频推广
触点互动偏好,抖音-自然内容
触点互动偏好,抖音-内容热推（不含磁贴）
触点互动偏好,抖音-feedslive
触点互动偏好,抖音-自然搜索
触点互动偏好,抖音-开屏
触点互动偏好,抖音-其他
触点互动偏好,抖音-信息流
触点互动偏好,抖音-企业号视频
触点互动偏好,抖音-挑战赛
触点互动偏好,抖音-团购达人视频
触点互动偏好,抖音-TopView炫屏
触点互动偏好,抖音-内容热推（含磁贴）
触点互动偏好,抖音-AD首选媒体
触点互动偏好,抖音-企业号直播
触点互动偏好,火山-AD首选媒体
触点互动偏好,火山-自然内容
触点互动偏好,剪映-开屏
触点互动偏好,番茄小说-其他
触点互动偏好,番茄小说-AD首选媒体
触点互动偏好,番茄小说-开屏
触点互动偏好,西瓜-自然搜索
触点互动偏好,西瓜-AD首选媒体
触点互动偏好,西瓜-企业号视频
触点互动偏好,西瓜-开屏
触点互动偏好,西瓜-信息流
触点互动偏好,西瓜-自然内容
触点互动偏好,住小帮-开屏
触点互动偏好,住小帮-信息流
触点互动偏好,住小帮-AD首选媒体
触点互动偏好,住小帮-其他
触点互动偏好,今日头条-头条号外
触点互动偏好,今日头条-其他
触点互动偏好,今日头条-AD首选媒体
触点互动偏好,今日头条-信息流
触点互动偏好,今日头条-自然搜索
触点互动偏好,今日头条-星图文章推广
触点互动偏好,今日头条-开屏
触点互动偏好,今日头条-企业号视频
触点互动偏好,今日头条-自然内容
触点互动偏好,今日头条-TopView炫屏
城市,北京
城市,天津
城市,石家庄
城市,唐山
城市,秦皇岛
城市,邯郸
城市,邢台
城市,保定
城市,张家口
城市,承德
城市,沧州
城市,廊坊
城市,衡水
城市,太原
城市,大同
城市,阳泉
城市,长治
城市,晋城
城市,朔州
城市,晋中
城市,运城
城市,忻州
城市,临汾
城市,吕梁
城市,呼和浩特
城市,包头
城市,乌海
城市,赤峰
城市,通辽
城市,鄂尔多斯
城市,呼伦贝尔
城市,巴彦淖尔
城市,乌兰察布
城市,兴安
城市,锡林郭勒
城市,阿拉善
城市,沈阳
城市,大连
城市,鞍山
城市,抚顺
城市,本溪
城市,丹东
城市,锦州
城市,营口
城市,阜新
城市,辽阳
城市,盘锦
城市,铁岭
城市,朝阳
城市,葫芦岛
城市,长春
城市,吉林
城市,四平
城市,辽源
城市,通化
城市,白山
城市,松原
城市,白城
城市,延边
城市,哈尔滨
城市,齐齐哈尔
城市,鸡西
城市,鹤岗
城市,双鸭山
城市,大庆
城市,伊春
城市,佳木斯
城市,七台河
城市,牡丹江
城市,黑河
城市,绥化
城市,大兴安岭
城市,上海
城市,南京
城市,无锡
城市,徐州
城市,常州
城市,苏州
城市,南通
城市,连云港
城市,淮安
城市,盐城
城市,扬州
城市,镇江
城市,泰州
城市,宿迁
城市,杭州
城市,宁波
城市,温州
城市,嘉兴
城市,湖州
城市,绍兴
城市,金华
城市,衢州
城市,舟山
城市,台州
城市,丽水
城市,合肥
城市,芜湖
城市,蚌埠
城市,淮南
城市,马鞍山
城市,淮北
城市,铜陵
城市,安庆
城市,黄山
城市,滁州
城市,阜阳
城市,宿州
城市,六安
城市,亳州
城市,池州
城市,宣城
城市,福州
城市,厦门
城市,莆田
城市,三明
城市,泉州
城市,漳州
城市,南平
城市,龙岩
城市,宁德
城市,南昌
城市,景德镇
城市,萍乡
城市,九江
城市,新余
城市,鹰潭
城市,赣州
城市,吉安
城市,宜春
城市,抚州
城市,上饶
城市,济南
城市,青岛
城市,淄博
城市,枣庄
城市,东营
城市,烟台
城市,潍坊
城市,济宁
城市,泰安
城市,威海
城市,日照
城市,莱芜
城市,临沂
城市,德州
城市,聊城
城市,滨州
城市,菏泽
城市,郑州
城市,开封
城市,洛阳
城市,平顶山
城市,安阳
城市,鹤壁
城市,新乡
城市,焦作
城市,濮阳
城市,许昌
城市,漯河
城市,三门峡
城市,南阳
城市,商丘
城市,信阳
城市,周口
城市,驻马店
城市,济源
城市,武汉
城市,黄石
城市,十堰
城市,宜昌
城市,襄阳
城市,鄂州
城市,荆门
城市,孝感
城市,荆州
城市,黄冈
城市,咸宁
城市,随州
城市,恩施
城市,仙桃
城市,潜江
城市,天门
城市,神农架
城市,长沙
城市,株洲
城市,湘潭
城市,衡阳
城市,邵阳
城市,岳阳
城市,常德
城市,张家界
城市,益阳
城市,郴州
城市,永州
城市,怀化
城市,娄底
城市,湘西
城市,广州
城市,韶关
城市,深圳
城市,珠海
城市,汕头
城市,佛山
城市,江门
城市,湛江
城市,茂名
城市,肇庆
城市,惠州
城市,梅州
城市,汕尾
城市,河源
城市,阳江
城市,清远
城市,东莞
城市,中山
城市,潮州
城市,揭阳
城市,云浮
城市,南宁
城市,柳州
城市,桂林
城市,梧州
城市,北海
城市,防城港
城市,钦州
城市,贵港
城市,玉林
城市,百色
城市,贺州
城市,河池
城市,来宾
城市,崇左
城市,海口
城市,三亚
城市,三沙
城市,儋州
城市,五指山
城市,琼海
城市,文昌
城市,万宁
城市,东方
城市,定安
城市,屯昌
城市,澄迈
城市,临高
城市,白沙
城市,昌江
城市,乐东
城市,陵水
城市,保亭
城市,琼中
城市,重庆
城市,成都
城市,自贡
城市,攀枝花
城市,泸州
城市,德阳
城市,绵阳
城市,广元
城市,遂宁
城市,内江
城市,乐山
城市,南充
城市,眉山
城市,宜宾
城市,广安
城市,达州
城市,雅安
城市,巴中
城市,资阳
城市,阿坝
城市,甘孜
城市,凉山
城市,贵阳
城市,六盘水
城市,遵义
城市,安顺
城市,毕节
城市,铜仁
城市,黔西南
城市,黔东南
城市,黔南
城市,昆明
城市,曲靖
城市,玉溪
城市,保山
城市,昭通
城市,丽江
城市,普洱
城市,临沧
城市,楚雄
城市,红河
城市,文山
城市,西双版纳
城市,大理
城市,德宏
城市,怒江
城市,迪庆
城市,拉萨
城市,日喀则
城市,昌都
城市,林芝
城市,山南
城市,那曲
城市,阿里
城市,西安
城市,铜川
城市,宝鸡
城市,咸阳
城市,渭南
城市,延安
城市,汉中
城市,榆林
城市,安康
城市,商洛
城市,兰州
城市,嘉峪关
城市,金昌
城市,白银
城市,天水
城市,武威
城市,张掖
城市,平凉
城市,酒泉
城市,庆阳
城市,定西
城市,陇南
城市,临夏
城市,甘南
城市,西宁
城市,海东
城市,海北
城市,黄南
城市,海南
城市,果洛
城市,玉树
城市,海西
城市,银川
城市,石嘴山
城市,吴忠
城市,固原
城市,中卫
城市,乌鲁木齐
城市,克拉玛依
城市,吐鲁番
城市,哈密
城市,昌吉
城市,博尔塔拉
城市,巴音郭楞
城市,阿克苏
城市,克孜勒苏
城市,喀什
城市,和田
城市,伊犁
城市,塔城
城市,阿勒泰
城市,石河子
城市,阿拉尔
城市,图木舒克
城市,五家渠
城市,北屯
城市,铁门关
城市,双河
城市,可克达拉
城市,台湾
城市,香港
城市,澳门
城市等级,一线城市
城市等级,新一线城市
城市等级,二线城市
城市等级,三线城市
城市等级,四线城市
城市等级,五线城市
城市等级,港澳台城市
抖音视频观看兴趣分类v2,美食
抖音视频观看兴趣分类v2,科技
抖音视频观看兴趣分类v2,音乐
抖音视频观看兴趣分类v2,金融
抖音视频观看兴趣分类v2,动植物
抖音视频观看兴趣分类v2,运动
抖音视频观看兴趣分类v2,军政法警
抖音视频观看兴趣分类v2,亲子
抖音视频观看兴趣分类v2,舞蹈
抖音视频观看兴趣分类v2,影视
抖音视频观看兴趣分类v2,新闻
抖音视频观看兴趣分类v2,生活
抖音视频观看兴趣分类v2,演绎
抖音视频观看兴趣分类v2,医疗
抖音视频观看兴趣分类v2,时尚
抖音视频观看兴趣分类v2,二次元
抖音视频观看兴趣分类v2,创意
抖音视频观看兴趣分类v2,情感
抖音视频观看兴趣分类v2,文化教育
抖音视频观看兴趣分类v2,汽车
抖音视频观看兴趣分类v2,拍摄
抖音视频观看兴趣分类v2,游戏
抖音视频观看兴趣分类v2,旅行
抖音视频观看兴趣分类v2,农村
抖音视频观看兴趣分类v2,辅助标签
