标签类型,一级标签
预测性别,女
预测性别,男
预测年龄,"[18,24]"
预测年龄,"[25,29]"
预测年龄,"[30,34]"
预测年龄,"[35,39]"
预测年龄,"[40,44]"
预测年龄,"[45,49]"
预测年龄,"[50,54]"
预测年龄,"[55,59]"
预测年龄,>=60
预测城市等级,1
预测城市等级,2
预测城市等级,3
预测城市等级,4
预测城市等级,5
预测城市等级,6
婚恋阶段,已婚已育
婚恋阶段,已婚未育
婚恋阶段,筹备婚礼
婚恋阶段,恋爱
婚恋阶段,单身
预测子女年龄新版（原母婴育龄人群）,[2-3)岁
预测子女年龄新版（原母婴育龄人群）,[15-18)岁
预测子女年龄新版（原母婴育龄人群）,[6-9)岁
预测子女年龄新版（原母婴育龄人群）,[3-6)岁
预测子女年龄新版（原母婴育龄人群）,[12-15)岁
预测子女年龄新版（原母婴育龄人群）,[9-12)岁
预测子女年龄新版（原母婴育龄人群）,备孕中
预测子女年龄新版（原母婴育龄人群）,[1-2)岁
预测子女年龄新版（原母婴育龄人群）,[6-12)月
预测子女年龄新版（原母婴育龄人群）,[3-6)月
预测子女年龄新版（原母婴育龄人群）,[0-3)月
预测子女年龄新版（原母婴育龄人群）,孕晚期
预测子女年龄新版（原母婴育龄人群）,孕中期
预测子女年龄新版（原母婴育龄人群）,孕早期
预测子女年龄,1-3月
预测子女年龄,3-6月
预测子女年龄,6-12月
预测子女年龄,1-2岁
预测子女年龄,2-3岁
预测子女年龄,3-6岁
预测子女年龄,6-9岁
预测子女年龄,9-12岁
预测子女年龄,12-15岁
预测子女年龄,15-18岁
预测使用的手机品牌,Apple/苹果
预测使用的手机品牌,Huawei/华为
预测使用的手机品牌,honor/荣耀
预测使用的手机品牌,vivo
预测使用的手机品牌,MIUI/小米
预测使用的手机品牌,OPPO
预测使用的手机品牌,Samsung/三星
预测使用的手机品牌,OnePlus/一加
预测使用的手机品牌,Meizu/魅族
预测使用的手机品牌,Motorola/摩托罗拉
预测使用的手机品牌,nubia/努比亚
预测使用的手机品牌,Sony/索尼
预测职业,个体经营/服务人员
预测职业,公司职员
预测职业,教职工
预测职业,工人
预测职业,农林牧渔从业人员
预测职业,医务人员
预测职业,金融公司职员
预测职业,学生（即将升级，暂不建议使用）
预测职业,科研人员
预测职业,IT公司职员
预测职业,汽车相关服务人员
预测职业,法律公司职员
预测职业,会计公司职员
预测职业,税务公司职员
预测用户星座,天枰座
预测用户星座,天蝎座
预测用户星座,狮子座
预测用户星座,处女座
预测用户星座,摩羯座
预测用户星座,水瓶座
预测用户星座,射手座
预测用户星座,双鱼座
预测用户星座,巨蟹座
预测用户星座,白羊座
预测用户星座,金牛座
预测用户星座,双子座
预测用户身高,"[163,166)"
预测用户身高,"[159,161)"
预测用户身高,"[167,171)"
预测用户身高,"[156,159)"
预测用户身高,"[161,163)"
预测用户身高,"[173,177)"
预测用户身高,>=177
预测用户身高,"[171,173)"
预测用户身高,"[166,167)"
预测用户体重,"[61,66)"
预测用户体重,"[71,76)"
预测用户体重,"[66,71)"
预测用户体重,"[50,53)"
预测用户体重,"[58,61)"
预测用户体重,>=76
预测用户体重,"[46,50)"
预测用户体重,"[53,56)"
预测用户体重,"[56,58)"
预测住房状态,Y
预测住房状态,N
预测家户类型,小镇亲子小康家户
预测家户类型,单身小康家户
预测家户类型,城市亲子富裕家户
预测家户类型,小镇青年富裕家户
预测家户类型,Z-世代家户
预测家户类型,城市亲子小康家户
预测家户类型,银发家户
预测家户类型,亲子中产家户
预测家户类型,高品质家户
预测子女性别,女
预测子女性别,男
预测人生阶段,子女成年期
预测人生阶段,养育期
预测人生阶段,已婚未育期
预测人生阶段,单身期
预测是否有车,是
预测是否有车,否
预测是否在校大学生,是
预测教育程度,高中及以下
预测教育程度,专科
预测教育程度,本科
预测教育程度,硕士
预测教育程度,博士
预测家有老幼,是
预测省份,浙江
预测省份,江苏
预测省份,广东
预测省份,上海
预测省份,北京
预测省份,山东
预测省份,四川
预测省份,湖北
预测省份,辽宁
预测省份,河南
预测省份,安徽
预测省份,河北
预测省份,福建
预测省份,湖南
预测省份,重庆
预测省份,陕西
预测省份,江西
预测省份,山西
预测省份,黑龙江
预测省份,天津
预测省份,吉林
预测省份,云南
预测省份,内蒙古
预测省份,广西
预测省份,贵州
预测省份,新疆
预测省份,甘肃
预测省份,海南
预测省份,宁夏
预测省份,青海
预测省份,西藏
预测省份,香港
预测省份,台湾
下沉市场人群,4~6线城市消费者
下沉市场人群,1~3线城市L1购买力层级消费者
月均消费金额,0-499元
月均消费金额,500-999元
月均消费金额,1000-1499元
月均消费金额,1500-1999元
月均消费金额,2000-2999元
月均消费金额,3000-5999元
月均消费金额,6000-10000元
月均消费金额,10000元以上
折扣敏感度,高
折扣敏感度,中
折扣敏感度,低
天猫通用人群_消费意愿,高端偏好者
天猫通用人群_消费意愿,精致智享者
天猫通用人群_消费意愿,品质实用者
天猫通用人群_消费意愿,基础实用者
天猫通用人群_消费意愿,基础经济者
月均购物频次偏好,0次
月均购物频次偏好,1-2次
月均购物频次偏好,3-5次
月均购物频次偏好,6-10次
月均购物频次偏好,10次及以上
购物时间分布,0-1时
购物时间分布,1-2时
购物时间分布,2-3时
购物时间分布,3-4时
购物时间分布,4-5时
购物时间分布,5-6时
购物时间分布,6-7时
购物时间分布,7-8时
购物时间分布,8-9时
购物时间分布,9-10时
购物时间分布,10-11时
购物时间分布,11-12时
购物时间分布,12-13时
购物时间分布,13-14时
购物时间分布,14-15时
购物时间分布,15-16时
购物时间分布,16-17时
购物时间分布,17-18时
购物时间分布,18-19时
购物时间分布,19-20时
购物时间分布,20-21时
购物时间分布,21-22时
购物时间分布,22-23时
购物时间分布,23-0时
预测购买力,L5
预测购买力,L4
预测购买力,L3
预测购买力,L2
预测购买力,L1
88会员等级,超级会员
常用上网设备,平板
常用上网设备,电脑
常用上网设备,手机
最近30天登录天数,1-3天
最近30天登录天数,4-7天
最近30天登录天数,8-15天
最近30天登录天数,16-30天
兴趣偏好,家庭主妇
兴趣偏好,美丽教主
兴趣偏好,时尚靓妹
兴趣偏好,吃货
兴趣偏好,烹饪达人
兴趣偏好,白富美
兴趣偏好,运动一族
兴趣偏好,数码达人
兴趣偏好,职场办公
兴趣偏好,买鞋控
兴趣偏好,速食客
兴趣偏好,养生专家
兴趣偏好,收纳达人
兴趣偏好,户外一族
兴趣偏好,二手买家
兴趣偏好,爱包人
兴趣偏好,阅读者
兴趣偏好,学霸
兴趣偏好,动漫迷
兴趣偏好,健美一族
兴趣偏好,休闲大咖
兴趣偏好,花卉一族
兴趣偏好,游戏人生
兴趣偏好,有型潮男
兴趣偏好,高富帅
兴趣偏好,酒品人生
兴趣偏好,爱听音乐
兴趣偏好,摄影一族
兴趣偏好,旅行者
兴趣偏好,收藏家
兴趣偏好,绘画家
兴趣偏好,追风骑士
兴趣偏好,乐器迷
兴趣偏好,舞林人士
兴趣偏好,网络一族
兴趣偏好,商家会
兴趣偏好,电影派
兴趣偏好,书法家
兴趣偏好,果粉
预测世界杯兴趣,高
预测世界杯兴趣,中
预测世界杯兴趣,低
天猫通用人群_生活方式,爱美族
天猫通用人群_生活方式,运动达人
天猫通用人群_生活方式,宝妈人群
天猫通用人群_生活方式,数码玩家
天猫通用人群_生活方式,养身保健族
天猫通用人群_生活方式,电器生活家
天猫通用人群_生活方式,乐宠人群
天猫通用人群_生活方式,悦己者
天猫通用人群_生活方式,精致居家族
天猫通用人群_生活方式,美食爱好者
天猫通用人群_生活方式,电竞极客
天猫通用人群_生活方式,爱车族
天猫通用人群_生活方式,奋进青年
熬夜青年,是
品质生活偏好,是
健身偏好,是
生活兴趣,囤货小当家
生活兴趣,DIY达人
生活兴趣,理想家
生活兴趣,杯子控
生活兴趣,智慧家
生活兴趣,装修家
生活兴趣,绿植控
生活兴趣,旅行家
生活兴趣,多肉控
生活兴趣,机车骑士
科技兴趣,炫酷极客控
科技兴趣,摄影发烧友
科技兴趣,耳机发烧友
运动兴趣,棒球小子
运动兴趣,滑雪族
运动兴趣,瑜伽修炼者
运动兴趣,网球小子
运动兴趣,户外运动控
运动兴趣,想要瘦瘦瘦
运动兴趣,登山爱好者
运动兴趣,骑行控
运动兴趣,羽球小子
运动兴趣,健身狂人
运动兴趣,极限挑战控
运动兴趣,酷跑一族
运动兴趣,灵魂冲浪手
运动兴趣,滑板少年
运动兴趣,水中飞鱼
运动兴趣,爱上高尔夫
运动兴趣,超强灌篮手
运动兴趣,攀岩主义
运动兴趣,乒乓小将
运动兴趣,轮滑社
运动兴趣,足球爱好者
运动兴趣,极限飞盘社
美食兴趣,吃货的后裔
美食兴趣,养生达人
美食兴趣,早餐君
美食兴趣,重口味星人
美食兴趣,水果大咖
美食兴趣,吃不胖星人
美食兴趣,无辣不欢者
美食兴趣,火锅爱好者
美食兴趣,咖啡控
美食兴趣,烘焙爱好者
美食兴趣,品酒大师
美食兴趣,茶道中人
时尚兴趣,美体师
时尚兴趣,美白需求者
时尚兴趣,Bling控
时尚兴趣,美发达人
时尚兴趣,素颜女神
时尚兴趣,美鞋控
时尚兴趣,干皮星人
时尚兴趣,油皮星人
时尚兴趣,日系美妆控
时尚兴趣,香氛控
时尚兴趣,欧美妆容控
时尚兴趣,美容师
时尚兴趣,口红控
时尚兴趣,旗袍女子
时尚兴趣,潮鞋宠儿
电影风格偏好,言情
电影风格偏好,喜剧
电影风格偏好,推理
电影风格偏好,战争
电影风格偏好,科幻
电影风格偏好,青春
电影风格偏好,奇幻
电影风格偏好,恐怖
电影风格偏好,警匪
电影风格偏好,悬疑
电影风格偏好,动作
电影风格偏好,家庭
电影风格偏好,武侠
电影风格偏好,纪录片
电影风格偏好,文艺
电影风格偏好,运动
电影风格偏好,动画
电影风格偏好,剧情
电影风格偏好,短片
电影风格偏好,历史
电影风格偏好,古装
电影风格偏好,生活
电影风格偏好,传记
电影风格偏好,网络大电影
电影风格偏好,都市
电影风格偏好,冒险
电影风格偏好,神话
电影风格偏好,少儿
电影风格偏好,文化
电影风格偏好,社会
电影风格偏好,教育
视频类型偏好,影视剧
视频类型偏好,娱乐
视频类型偏好,社会
视频类型偏好,搞笑
视频类型偏好,综艺
视频类型偏好,国际
视频类型偏好,音乐
视频类型偏好,体育
视频类型偏好,萌宠
视频类型偏好,记录短片
视频类型偏好,美食
视频类型偏好,汽车
视频类型偏好,军事
视频类型偏好,动漫
视频类型偏好,萌娃
视频类型偏好,涨姿势
视频类型偏好,历史
视频类型偏好,时尚
视频类型偏好,科技
视频类型偏好,旅游
视频类型偏好,游戏
视频类型偏好,科学探索
视频类型偏好,国内
视频类型偏好,健康
视频类型偏好,育儿
视频类型偏好,房产
视频类型偏好,语言类
视频类型偏好,财经
视频类型偏好,教育
视频类型偏好,星座
视频类型偏好,奇闻
综艺风格偏好,真人秀
综艺风格偏好,晚会
综艺风格偏好,竞技
综艺风格偏好,音乐
综艺风格偏好,脱口秀
综艺风格偏好,美食
综艺风格偏好,舞蹈
综艺风格偏好,喜剧
综艺风格偏好,社会
综艺风格偏好,文化
综艺风格偏好,娱乐
综艺风格偏好,选秀
综艺风格偏好,访谈
综艺风格偏好,少儿
综艺风格偏好,生活
综艺风格偏好,搞笑
综艺风格偏好,旅游
综艺风格偏好,青春
综艺风格偏好,游戏
综艺风格偏好,汽车
综艺风格偏好,时尚
综艺风格偏好,育儿
综艺风格偏好,科技
电视剧风格偏好,言情
电视剧风格偏好,都市
电视剧风格偏好,家庭
电视剧风格偏好,古装
电视剧风格偏好,悬疑
电视剧风格偏好,喜剧
电视剧风格偏好,剧情
电视剧风格偏好,警匪
电视剧风格偏好,历史
电视剧风格偏好,战争
电视剧风格偏好,青春
电视剧风格偏好,农村
电视剧风格偏好,奇幻
电视剧风格偏好,武侠
电视剧风格偏好,军事
电视剧风格偏好,偶像
电视剧风格偏好,优酷出品
电视剧风格偏好,搞笑
电视剧风格偏好,推理
电视剧风格偏好,神话
电视剧风格偏好,网剧
电视剧风格偏好,传记
电视剧风格偏好,时装
电视剧风格偏好,恐怖
电视剧风格偏好,科幻
电视剧风格偏好,动作
电视剧风格偏好,少儿
电视剧风格偏好,冒险
电视剧风格偏好,短片
电视剧风格偏好,文艺
电视剧风格偏好,教育
预测权益分享影响力分层,L1-1
预测权益分享影响力分层,L1-2
预测权益分享影响力分层,L1-3
预测权益分享影响力分层,L1-4
预测权益分享影响力分层,L1-5
预测权益分享影响力分层,L2
预测权益分享影响力分层,L3
预测权益分享影响力分层,L4
预测权益分享影响力分层,L5
内容类型偏好人群,产品展示
内容类型偏好人群,外观展示
内容类型偏好人群,卖点导购
内容类型偏好人群,卖点讲解
内容类型偏好人群,教程
内容类型偏好人群,使用教程
内容类型偏好人群,使用展示
内容类型偏好人群,运动教程
内容类型偏好人群,其他教程
内容类型偏好人群,真人导购
内容类型偏好人群,工厂溯源
内容类型偏好人群,买家秀
内容类型偏好人群,吃播
内容类型偏好人群,居住游戏
内容类型偏好人群,清洁护理
内容类型偏好人群,ootd
内容类型偏好人群,情景剧场
内容类型偏好人群,喂食保健
内容类型偏好人群,测评实验
内容类型偏好人群,新手养宠
内容类型偏好人群,DIY
内容类型偏好人群,携宠出行
内容类型偏好人群,上身口播
内容类型偏好人群,场景展示
内容类型偏好人群,模特摆拍
内容类型偏好人群,开箱体验
内容类型偏好人群,生活记录
内容类型偏好人群,vlog
内容类型偏好人群,成分解析
内容类型偏好人群,开箱
内容类型偏好人群,评测实验
内容类型偏好人群,广告tvc
内容类型偏好人群,其他口播
内容类型偏好人群,专业讲解
内容类型偏好人群,评测
内容类型偏好人群,达人推荐
内容类型偏好人群,直播讲解
内容类型偏好人群,垂钓实录
内容类型偏好人群,探店
内容类型偏好人群,纯广告
内容类型偏好人群,变装穿搭
内容类型偏好人群,合集
内容类型偏好人群,直播切片
月均品牌自播间观看时长,高
月均品牌自播间观看时长,中高
月均品牌自播间观看时长,中
月均品牌自播间观看时长,中低
月均品牌自播间观看时长,低
月均直播全量观看时长,高
月均直播全量观看时长,中高
月均直播全量观看时长,中
月均直播全量观看时长,中低
月均直播全量观看时长,低
月均直播观看场次,高
月均直播观看场次,中高
月均直播观看场次,中
月均直播观看场次,中低
月均直播观看场次,低
月均品牌自播间观看场次,中高
月均品牌自播间观看场次,高
月均品牌自播间观看场次,中
月均品牌自播间观看场次,低
月均直播购物金额,中高
月均直播购物金额,高
月均直播购物金额,低
月均直播购物金额,中
月均直播购物金额,中低
累计品牌自播间购物金额,中高
累计品牌自播间购物金额,高
累计品牌自播间购物金额,低
累计品牌自播间购物金额,中
累计品牌自播间购物金额,中低
一级类目高偏好,珠宝/钻石/翡翠/黄金
一级类目高偏好,女装/女士精品
一级类目高偏好,女鞋
一级类目高偏好,运动服/休闲服装
一级类目高偏好,饰品/流行首饰/时尚饰品新
一级类目高偏好,服饰配件/皮带/帽子/围巾
一级类目高偏好,女士内衣/男士内衣/家居服
一级类目高偏好,童装/婴儿装/亲子装
一级类目高偏好,箱包皮具/热销女包/男包
一级类目高偏好,运动包/户外包/配件
一级类目高偏好,其他
一级类目高偏好,书籍/杂志/报纸
一级类目高偏好,床上用品
一级类目高偏好,美容护肤/美体/精油
一级类目高偏好,餐饮具
一级类目高偏好,家居饰品
一级类目高偏好,童鞋/婴儿鞋/亲子鞋
一级类目高偏好,生活电器
一级类目高偏好,保健食品/膳食营养补充食品
一级类目高偏好,住宅家具
一级类目高偏好,彩妆/香水/美妆工具
一级类目高偏好,盒马
一级类目高偏好,户外/登山/野营/旅行用品
一级类目高偏好,婴童用品
一级类目高偏好,运动鞋new
一级类目高偏好,运动/瑜伽/健身/球迷用品
一级类目高偏好,个性定制/设计服务/DIY
一级类目高偏好,居家布艺
一级类目高偏好,水产肉类/新鲜蔬果/熟食
一级类目高偏好,咖啡/麦片/冲饮
一级类目高偏好,节庆用品/礼品
一级类目高偏好,个人护理/保健/按摩器材
一级类目高偏好,宠物/宠物食品及用品
一级类目高偏好,ZIPPO/瑞士军刀/眼镜
一级类目高偏好,传统滋补营养品
一级类目高偏好,厨房电器
一级类目高偏好,收纳整理
一级类目高偏好,医疗器械
一级类目高偏好,美发护发/假发
一级类目高偏好,3C数码配件
一级类目高偏好,男装
一级类目高偏好,家装灯饰光源
一级类目高偏好,文具电教/文化用品/商务用品
一级类目高偏好,玩具/童车/益智/积木/模型
一级类目高偏好,零食/坚果/特产
一级类目高偏好,保健用品
一级类目高偏好,鲜花速递/花卉仿真/绿植园艺
一级类目高偏好,茶
一级类目高偏好,奶粉/辅食/营养品/零食
一级类目高偏好,美容美体仪器
一级类目高偏好,厨房/烹饪用具
一级类目高偏好,大家电
一级类目高偏好,家装主材
一级类目高偏好,智能设备
一级类目高偏好,粮油调味/速食/干货/烘焙
一级类目高偏好,洗护清洁剂/卫生巾/纸/香薰
一级类目高偏好,隐形眼镜/护理液
一级类目高偏好,OTC药品/国际医药
一级类目高偏好,自用闲置转让
一级类目高偏好,办公设备/耗材/相关服务
一级类目高偏好,家庭/个人清洁工具
一级类目高偏好,孕妇装/孕产妇用品/营养
一级类目高偏好,流行男鞋
一级类目高偏好,居家日用
一级类目高偏好,影音电器
一级类目高偏好,模玩/动漫/周边/娃圈三坑/桌游
一级类目高偏好,特色手工艺
一级类目高偏好,手表
一级类目高偏好,商业/办公家具
一级类目高偏好,包装
一级类目高偏好,婴童尿裤
一级类目高偏好,手机
一级类目高偏好,基础建材
一级类目高偏好,汽车用品/电子/清洗/改装
一级类目高偏好,电子/电工
一级类目高偏好,处方药
一级类目高偏好,购物金
一级类目高偏好,全屋定制
一级类目高偏好,数字生活
一级类目高偏好,数码相机/单反相机/摄像机
一级类目高偏好,度假线路/签证送关/旅游服务
一级类目高偏好,商务/设计服务
一级类目高偏好,纺织面料/辅料/配套
一级类目高偏好,自行车/骑行装备/零配件
一级类目高偏好,电脑硬件/显示器/电脑周边
一级类目高偏好,餐饮美食卡券
一级类目高偏好,文玩/邮币/字画/收藏
一级类目高偏好,乐器/吉他/钢琴/配件
一级类目高偏好,平板电脑/MID
一级类目高偏好,电动车/配件/交通工具
一级类目高偏好,电玩/配件/游戏/攻略
一级类目高偏好,教育培训
一级类目高偏好,移动/联通/电信充值中心
一级类目高偏好,笔记本电脑
一级类目高偏好,五金/工具
一级类目高偏好,机票/小交通/增值服务
一级类目高偏好,计生用品
一级类目高偏好,特价酒店/特色客栈/公寓旅馆
一级类目高偏好,本地化生活服务
一级类目高偏好,家庭保健
一级类目高偏好,汽车零部件/养护/美容/维保
一级类目高偏好,购物提货券
一级类目高偏好,闪存卡/U盘/存储/移动硬盘
一级类目高偏好,摩托车/装备/配件
一级类目高偏好,网络设备/网络相关
一级类目高偏好,景点门票/演艺演出/周边游
一级类目高偏好,金属材料及制品
一级类目高偏好,电子元器件市场
一级类目高偏好,标准件/零部件/工业耗材
一级类目高偏好,工业油品/胶粘/化学/实验室用品
一级类目高偏好,游戏服务
一级类目高偏好,MP3/MP4/iPod/录音笔
一级类目高偏好,品牌台机/品牌一体机/服务器
一级类目高偏好,电影/演出/体育赛事
一级类目高偏好,音乐/影视/明星/音像
一级类目高偏好,司法拍卖拍品专用
一级类目高偏好,清洗/食品/商业设备
一级类目高偏好,二手数码
一级类目高偏好,公益
一级类目高偏好,网络游戏点卡
一级类目高偏好,体检/医疗保障卡
一级类目高偏好,DIY电脑
一级类目高偏好,门店O2O
一级类目高偏好,机械设备
一级类目高偏好,农用物资
一级类目高偏好,手机号码/套餐/增值业务
一级类目高偏好,线下消费卡
一级类目高偏好,畜牧/养殖物资
一级类目高偏好,橡塑材料及制品
一级类目高偏好,网络店铺代金/优惠券
一级类目高偏好,网店/网络服务/软件
一级类目高偏好,医疗及健康服务
一级类目高偏好,享淘卡
一级类目高偏好,资产（政府类专用）
一级类目高偏好,农机/农具/农膜
一级类目高偏好,合约机
一级类目高偏好,搬运/仓储/物流设备
一级类目高偏好,装修设计/施工/监理
一级类目高偏好,兑换卡
一级类目高偏好,数字阅读
一级类目高偏好,闲鱼优品
二级类目高偏好,毛针织衫
二级类目高偏好,半身裙
二级类目高偏好,毛呢外套
二级类目高偏好,衬衫
二级类目高偏好,围巾/丝巾/披肩
二级类目高偏好,毛衣
二级类目高偏好,皮草
二级类目高偏好,短外套
二级类目高偏好,裤子
二级类目高偏好,羽绒服
二级类目高偏好,连衣裙
二级类目高偏好,T恤
二级类目高偏好,西装
二级类目高偏好,牛仔裤
二级类目高偏好,羊绒衫
二级类目高偏好,背心吊带
二级类目高偏好,马夹
二级类目高偏好,帽子
二级类目高偏好,风衣
二级类目高偏好,户外服装
二级类目高偏好,时装单鞋
二级类目高偏好,卫衣/绒衫
二级类目高偏好,发饰
二级类目高偏好,羽绒服饰/羽绒内胆
二级类目高偏好,靴子
二级类目高偏好,项链
二级类目高偏好,黄金首饰（新）
二级类目高偏好,毛衣/针织衫
二级类目高偏好,裤子
二级类目高偏好,耳饰
二级类目高偏好,时尚雪地靴
二级类目高偏好,套装/学生校服/工作制服
二级类目高偏好,短袜/打底袜/丝袜/美腿袜（新）
二级类目高偏好,睡衣/家居服套装
二级类目高偏好,卫裤
二级类目高偏好,女士包袋新
二级类目高偏好,手链
二级类目高偏好,唐装/民族服装/舞台服装
二级类目高偏好,皮衣
二级类目高偏好,面部精华（新）
二级类目高偏好,运动羽绒服
二级类目高偏好,派克服
二级类目高偏好,外套/夹克/大衣
二级类目高偏好,文胸
二级类目高偏好,运动休闲鞋
二级类目高偏好,拖鞋
二级类目高偏好,棉衣/棉服
二级类目高偏好,婚纱/旗袍/礼服
二级类目高偏好,海外膳食营养补充食品
二级类目高偏好,休闲鞋
二级类目高偏好,针织衫/毛衣
二级类目高偏好,摆件类
二级类目高偏好,唇部彩妆
二级类目高偏好,瑜伽
二级类目高偏好,杯子/水杯/水壶
二级类目高偏好,汉服
二级类目高偏好,运动茄克/外套
二级类目高偏好,床品套件
二级类目高偏好,保暖上装
二级类目高偏好,蕾丝衫/雪纺衫
二级类目高偏好,女士服装
二级类目高偏好,保暖套装
二级类目高偏好,戒指/指环
二级类目高偏好,毛绒/玩偶/公仔/布艺类玩具
二级类目高偏好,女士内裤（不含男士）
二级类目高偏好,运动裤
二级类目高偏好,儿童读物/童书
二级类目高偏好,真丝上装
二级类目高偏好,卫衣/绒衫
二级类目高偏好,乳液/面霜
二级类目高偏好,K金首饰
二级类目高偏好,身体护理（新）
二级类目高偏好,羽绒服
二级类目高偏好,家庭收纳用具
二级类目高偏好,面膜（新）
二级类目高偏好,套装
二级类目高偏好,手套
二级类目高偏好,T恤
二级类目高偏好,眼部彩妆
二级类目高偏好,香水/香水用品
二级类目高偏好,餐具
二级类目高偏好,赠品
二级类目高偏好,居家鞋/凉拖/棉拖(新)
二级类目高偏好,架类
二级类目高偏好,鞋包/皮带配件
二级类目高偏好,新鲜水果
二级类目高偏好,儿童袜子(0-16岁)
二级类目高偏好,节日用品
二级类目高偏好,面部彩妆
二级类目高偏好,茶具
二级类目高偏好,运动卫衣/套头衫
二级类目高偏好,保暖裤
二级类目高偏好,面部护理套装
二级类目高偏好,考试/教材/教辅/论文
二级类目高偏好,T恤
二级类目高偏好,大码女装(新)
二级类目高偏好,时尚防晒服
二级类目高偏好,帽子/围巾/口罩/手套/耳套/脚套
二级类目高偏好,柜类
二级类目高偏好,棉袄/棉服
二级类目高偏好,手部保养（新）
二级类目高偏好,化妆水/爽肤水
二级类目高偏好,胸针
二级类目高偏好,裙子(新)
二级类目高偏好,美容工具
二级类目高偏好,创意礼品
二级类目高偏好,DIY配件
二级类目高偏好,手机配件
二级类目高偏好,头发清洁
二级类目高偏好,运动鞋
二级类目高偏好,儿童内衣裤
二级类目高偏好,双肩背包
二级类目高偏好,洁面
二级类目高偏好,跑步鞋
二级类目高偏好,靠枕/抱枕新
二级类目高偏好,被子
二级类目高偏好,衬衫
二级类目高偏好,夹克
二级类目高偏好,装扮用品
二级类目高偏好,休闲毯/毛毯/绒毯
二级类目高偏好,纸张本册
二级类目高偏好,香薰用品
二级类目高偏好,儿童家居服
二级类目高偏好,装饰画
二级类目高偏好,饮料
二级类目高偏好,箱包
二级类目高偏好,坐具类
二级类目高偏好,蜜饯/枣类/梅/果干/冻干
二级类目高偏好,牛肉干/猪肉脯/卤味零食
二级类目高偏好,坐垫/椅垫/沙发垫
二级类目高偏好,马甲
二级类目高偏好,婚庆用品
二级类目高偏好,桌类
二级类目高偏好,方便面/拉面/挂面/轻食面速食
二级类目高偏好,头发护理
二级类目高偏好,户外鞋靴
二级类目高偏好,天然珍珠（新）
二级类目高偏好,儿童旗袍/唐装/民族服装
二级类目高偏好,地毯
二级类目高偏好,卫衣
二级类目高偏好,休闲裤
二级类目高偏好,身体清洁
二级类目高偏好,摆件
二级类目高偏好,眼部护理（新）
二级类目高偏好,巧克力
二级类目高偏好,饼干/膨化
二级类目高偏好,游泳
二级类目高偏好,厨房储物
二级类目高偏好,睡裙
二级类目高偏好,中式糕点
二级类目高偏好,贴饰
二级类目高偏好,衣物洗/晒/护理用具
二级类目高偏好,卷/直发器
二级类目高偏好,烹饪用具
二级类目高偏好,卫生巾/私处护理
二级类目高偏好,速溶咖啡/咖啡豆/粉
二级类目高偏好,艾灸/艾草/艾条/艾制品
二级类目高偏好,唇部护理（新）
二级类目高偏好,沙发类
二级类目高偏好,花瓶/花器/仿真花/仿真饰品
二级类目高偏好,板鞋
二级类目高偏好,休闲家具
二级类目高偏好,珠宝首饰
二级类目高偏好,枕头
二级类目高偏好,耳套
二级类目高偏好,液态奶/常温乳制品
二级类目高偏好,儿童家具
二级类目高偏好,地垫(新)
二级类目高偏好,健身服装
二级类目高偏好,运动T恤
二级类目高偏好,餐桌布艺
二级类目高偏好,糖果零食
二级类目高偏好,婴童护肤
二级类目高偏好,腰带/皮带/腰链
二级类目高偏好,面点/西式速食
二级类目高偏好,西式糕点
二级类目高偏好,儿童靴子
二级类目高偏好,烘焙成品
二级类目高偏好,洗漱清洁/护理用品
二级类目高偏好,睡袋/凉席/枕头/床品/浴巾
二级类目高偏好,连身衣/爬服/哈衣
二级类目高偏好,冲饮品/食补粉粉
二级类目高偏好,家居类灯饰
二级类目高偏好,几类
二级类目高偏好,花卉/绿植盆栽（新）
二级类目高偏好,家私/皮具护理品
二级类目高偏好,山核桃/坚果/炒货
二级类目高偏好,其他配件
二级类目高偏好,家庭整理用具
二级类目高偏好,普通膳食营养食品
二级类目高偏好,缝纫DIY材料、工具及成品
二级类目高偏好,调味品/果酱/沙拉/干副食
二级类目高偏好,笔类/书写工具
二级类目高偏好,衣物鞋包清洁剂/护理剂
二级类目高偏好,居家日用
二级类目高偏好,海鲜/水产品/制品
二级类目高偏好,文化创意用品
二级类目高偏好,口腔护理
二级类目高偏好,毛呢大衣
二级类目高偏好,睡袍/浴袍
二级类目高偏好,日常学习用品
二级类目高偏好,凉鞋
二级类目高偏好,鲜食饮品
二级类目高偏好,个人洗护清洁用具
二级类目高偏好,旅行箱
二级类目高偏好,南北干货/肉类干货
二级类目高偏好,身体护理
二级类目高偏好,卫浴/置物用具
二级类目高偏好,项坠/吊坠
二级类目高偏好,假发
二级类目高偏好,手镯
二级类目高偏好,家庭环境清洁剂
二级类目高偏好,儿童配饰
二级类目高偏好,光学眼镜
二级类目高偏好,潮玩盲盒
二级类目高偏好,运动户外
二级类目高偏好,蔬菜
二级类目高偏好,保暖贴/怀炉/保暖用品
二级类目高偏好,暖风机/取暖器
二级类目高偏好,手帕
二级类目高偏好,咖啡器具
二级类目高偏好,家居香薰
二级类目高偏好,印刷制品
二级类目高偏好,婴幼童鞋
二级类目高偏好,挎包/拎包/休闲包
二级类目高偏好,食疗滋补营养
二级类目高偏好,水果
二级类目高偏好,卸妆
二级类目高偏好,中老年女装
二级类目高偏好,太阳眼镜
二级类目高偏好,功能小包
二级类目高偏好,滑雪
二级类目高偏好,运动帽
二级类目高偏好,休闲鞋
二级类目高偏好,毛巾/浴巾/浴袍
二级类目高偏好,窗帘门帘及配件
二级类目高偏好,保暖背心
二级类目高偏好,棉衣
二级类目高偏好,民族服装（新）
二级类目高偏好,新鲜蔬菜/蔬菜制品
二级类目高偏好,烧烤/烘焙用具
二级类目高偏好,宠物服饰及配件
二级类目高偏好,猫/狗居家用品
二级类目高偏好,连体衣/裤
二级类目高偏好,雨鞋
二级类目高偏好,收纳/陈列用品
二级类目高偏好,实体卡/券/票等（非演艺类）
二级类目高偏好,床类
二级类目高偏好,家务/地板清洁用具
二级类目高偏好,无线耳机
二级类目高偏好,牛仔裤
二级类目高偏好,鞋带
二级类目高偏好,仿真/过家家玩具
二级类目高偏好,奶制品
二级类目高偏好,厨用工具
二级类目高偏好,养生茶
二级类目高偏好,全价猫主粮
二级类目高偏好,海绵垫/布料/面料/手工diy
二级类目高偏好,指甲油/美甲产品（新）
二级类目高偏好,代用/花草/水果/再加工茶
二级类目高偏好,露营/野炊装备
二级类目高偏好,按摩器材
二级类目高偏好,生肉/肉制品
二级类目高偏好,玩具乐器
二级类目高偏好,药食同源食品
二级类目高偏好,鞋用品
二级类目高偏好,身体清洁(新）
二级类目高偏好,早教/智能玩具
二级类目高偏好,卫浴五金
二级类目高偏好,消毒用品
二级类目高偏好,靴子
二级类目高偏好,卫裤
二级类目高偏好,衬衫
二级类目高偏好,服饰配件
二级类目高偏好,其它首饰
二级类目高偏好,方便粉丝/米线/粥汤速食
二级类目高偏好,米/面粉/杂粮
二级类目高偏好,串珠/拼图/配对/拆装/敲打玩具
二级类目高偏好,米面制品
二级类目高偏好,美甲工具
二级类目高偏好,其他闲置
二级类目高偏好,白酒/调香白酒
二级类目高偏好,服饰箱包定制
二级类目高偏好,低温乳制品
二级类目高偏好,汽车内饰品
二级类目高偏好,防护用品
二级类目高偏好,扫地机及配件耗材
二级类目高偏好,时尚帆布包
二级类目高偏好,半宝晶石
二级类目高偏好,洗衣机
二级类目高偏好,伤口敷料
二级类目高偏好,个护美妆
二级类目高偏好,水饮料
二级类目高偏好,精油芳疗
二级类目高偏好,胶粘用品
二级类目高偏好,手包
二级类目高偏好,电吹风
二级类目高偏好,男士内裤
二级类目高偏好,女士鞋靴
二级类目高偏好,彩妆套装（新）
二级类目高偏好,猫/狗玩具
二级类目高偏好,室内除臭/芳香用品
二级类目高偏好,防晒（新）
二级类目高偏好,保健护具(护腰/膝/腿/颈)
二级类目高偏好,肉类禽蛋
二级类目高偏好,水杯/餐具/研磨/辅食用具
二级类目高偏好,儿童户外服
二级类目高偏好,猫/狗如厕用品
二级类目高偏好,OTC药品
二级类目高偏好,相框/画框
二级类目高偏好,运动棉衣
二级类目高偏好,首饰收纳
二级类目高偏好,皮衣
二级类目高偏好,睡裤/家居裤
二级类目高偏好,男士包袋
二级类目高偏好,一次性餐桌用品
二级类目高偏好,手工制作/创意DIY
二级类目高偏好,休闲零食
二级类目高偏好,厨房
二级类目高偏好,翡翠（新）
二级类目高偏好,汽车专用收纳
二级类目高偏好,羽绒马甲
二级类目高偏好,踏步机/中小型健身器材
二级类目高偏好,制衣面料
二级类目高偏好,运动内衣
二级类目高偏好,围巾/手套/帽子套件
二级类目高偏好,吊灯(新增)
二级类目高偏好,智能设备配件
二级类目高偏好,地区民间特色手工艺
二级类目高偏好,被套
二级类目高偏好,亲子装/亲子时装
二级类目高偏好,镜子类
二级类目高偏好,卡通/动漫周边
二级类目高偏好,婴童营养品
二级类目高偏好,时尚单鞋
二级类目高偏好,工艺礼品
二级类目高偏好,酒壶/酒杯/酒具
二级类目高偏好,领部配件
二级类目高偏好,洗地机及配件/耗材
二级类目高偏好,教学演示/展示告示用品
二级类目高偏好,豆干制品/蔬菜干
二级类目高偏好,板鞋
二级类目高偏好,儿童棋类/桌面游戏
二级类目高偏好,彩色隐形眼镜
二级类目高偏好,领带夹
二级类目高偏好,养生壶/煎药壶/养生杯
二级类目高偏好,猫零食
二级类目高偏好,园艺用品
二级类目高偏好,便携电源
二级类目高偏好,和田玉
二级类目高偏好,染发烫发
二级类目高偏好,腌制蔬菜/泡菜/酱菜/脱水蔬菜
二级类目高偏好,双肩背包
二级类目高偏好,防尘保护罩
二级类目高偏好,床垫类
二级类目高偏好,其它定制
二级类目高偏好,男士服装
二级类目高偏好,抹胸
二级类目高偏好,纸品/湿巾
二级类目高偏好,口腔电子/智能产品
二级类目高偏好,家具
二级类目高偏好,湿巾
二级类目高偏好,运动袜
二级类目高偏好,高帮鞋
二级类目高偏好,花瓶/花器/花盆/花架（新）
二级类目高偏好,装饰器皿
二级类目高偏好,床垫/床褥/床护垫/榻榻米床垫
二级类目高偏好,童装
二级类目高偏好,游乐/教学设备/大型设施
二级类目高偏好,古风/国风服装
二级类目高偏好,卫浴家具
二级类目高偏好,幼儿响铃/布玩/安抚玩具
二级类目高偏好,家用保健器材
二级类目高偏好,文胸套装
二级类目高偏好,奶酪/奶制品
二级类目高偏好,吸顶灯(新)
二级类目高偏好,面部美容仪
二级类目高偏好,猫/狗美容护理工具
二级类目高偏好,礼品包装
二级类目高偏好,电动/遥控/惯性/发条玩具
二级类目高偏好,小众天然玉石
二级类目高偏好,床笠
二级类目高偏好,护眼灯
二级类目高偏好,拖鞋
二级类目高偏好,家用五金
二级类目高偏好,平板电脑配件
二级类目高偏好,枕套
二级类目高偏好,常规马甲
二级类目高偏好,钻石首饰（新）
二级类目高偏好,生活鲜花
二级类目高偏好,葡萄酒（新）
二级类目高偏好,拉拉裤/学步裤/成长裤（新）
二级类目高偏好,文房四宝用品
二级类目高偏好,期刊杂志
二级类目高偏好,海鲜水产
二级类目高偏好,玉米
二级类目高偏好,中式加工餐饮成品类
二级类目高偏好,头发造型（新）
二级类目高偏好,婴幼儿牛奶粉
二级类目高偏好,宝宝卫浴用品
二级类目高偏好,猫/狗出行用品
二级类目高偏好,卫浴用品/配件
二级类目高偏好,家用电器
二级类目高偏好,袖扣
二级类目高偏好,银饰
二级类目高偏好,保鲜容器/保鲜器皿
二级类目高偏好,童鞋/青少年鞋
二级类目高偏好,电饭煲
二级类目高偏好,猫/狗保健品
二级类目高偏好,咖啡机及配件耗材辅料
二级类目高偏好,蛋/蛋制品
二级类目高偏好,儿童包/背包/箱包
二级类目高偏好,家纺布艺
二级类目高偏好,舒适汽车座驾
二级类目高偏好,智能手表
二级类目高偏好,旅行装/体验装
二级类目高偏好,床单
二级类目高偏好,笔记本电脑配件
二级类目高偏好,全价狗主粮
二级类目高偏好,燕窝滋补品
二级类目高偏好,帆布鞋
二级类目高偏好,睡衣上装
二级类目高偏好,冰箱
二级类目高偏好,彩色宝石/贵重宝石
二级类目高偏好,耳机周边
二级类目高偏好,婴儿手推车/学步车
二级类目高偏好,母婴厨房小家电
二级类目高偏好,风衣
二级类目高偏好,塑身美体裤
二级类目高偏好,宝宝洗浴
二级类目高偏好,画具/画材用品
二级类目高偏好,防晒服配
二级类目高偏好,包袋配件
二级类目高偏好,汽车香水香薰
二级类目高偏好,学习/实验/绘画文具
二级类目高偏好,POLO衫
二级类目高偏好,创意饰品
二级类目高偏好,面部健康
二级类目高偏好,火锅/肉类/米饭类速食
二级类目高偏好,3C数码
二级类目高偏好,种子/种苗/球根
二级类目高偏好,猫/狗饮食用品
二级类目高偏好,调味加工食品
二级类目高偏好,纸尿裤（新）
二级类目高偏好,补差价/邮费
二级类目高偏好,瑞士腕表
二级类目高偏好,国际医药
二级类目高偏好,设计服务
二级类目高偏好,生活娱乐线上会员
二级类目高偏好,古董收藏
二级类目高偏好,方便速食
二级类目高偏好,调味品
二级类目高偏好,运动护具（新）
二级类目高偏好,家庭防尘用具
二级类目高偏好,清洁护理小用品
二级类目高偏好,lolita/洛丽塔
二级类目高偏好,静态模型
二级类目高偏好,汉服/民族特色服配
二级类目高偏好,Polo衫
二级类目高偏好,皮草
二级类目高偏好,音箱/音响
二级类目高偏好,运动裙
二级类目高偏好,壁灯
二级类目高偏好,木作制品
二级类目高偏好,空气净化器
二级类目高偏好,吸尘器及配件耗材
二级类目高偏好,DIY编织材料包
二级类目高偏好,矫姿用品
二级类目高偏好,办公用品
二级类目高偏好,户外运动/休闲/传统玩具
二级类目高偏好,奶瓶/奶瓶相关
二级类目高偏好,西裤
二级类目高偏好,童车/儿童轮滑
二级类目高偏好,牙胶/牙刷/牙膏
二级类目高偏好,背心
二级类目高偏好,儿童牛仔
二级类目高偏好,直播/摄影配件
二级类目高偏好,卫浴陶瓷
二级类目高偏好,鱿鱼丝/鱼干/海味即食
二级类目高偏好,配件专区
二级类目高偏好,食用油/调味油
二级类目高偏好,接线板/插头
二级类目高偏好,小说
二级类目高偏好,猫/狗美容护理用品
二级类目高偏好,头皮护理
二级类目高偏好,手办/兵人/扭蛋
二级类目高偏好,皮鞋/演出鞋/舞蹈鞋
二级类目高偏好,儿童演出服
二级类目高偏好,幼儿爬行/学步/健身
二级类目高偏好,狗零食
二级类目高偏好,进口原版书(含港台)
二级类目高偏好,高帮鞋
二级类目高偏好,眼镜配件、护理剂
二级类目高偏好,油漆
二级类目高偏好,露酒/果酒
二级类目高偏好,家用五金工具
二级类目高偏好,宝宝辅食
二级类目高偏好,净水器及配件耗材
二级类目高偏好,厨房大电
二级类目高偏好,美容/美体辅助工具
二级类目高偏好,待产用品
二级类目高偏好,奶粉
二级类目高偏好,口罩（器械）
二级类目高偏好,旅行袋
二级类目高偏好,动漫/周边
二级类目高偏好,奶嘴/奶嘴相关
二级类目高偏好,净菜/半成品菜/快手菜
二级类目高偏好,烘焙原料/辅料/食品添加剂
二级类目高偏好,皮肤消毒护理（消）
二级类目高偏好,案/台类
二级类目高偏好,西服
二级类目高偏好,电子/发光/整蛊/解压/充气玩具
二级类目高偏好,伞/雨具/防雨/防潮
二级类目高偏好,游戏/电竞实物周边
二级类目高偏好,破壁机
二级类目高偏好,帆布鞋
二级类目高偏好,篮球鞋
二级类目高偏好,塑身连体衣
二级类目高偏好,参类滋补品
二级类目高偏好,冲饮谷物/麦片
二级类目高偏好,时尚防晒服
二级类目高偏好,儿童机器人/变形/拼装/人偶玩具
二级类目高偏好,低温乳类烘焙原料
二级类目高偏好,口袋巾
二级类目高偏好,数码包/收纳/整理
二级类目高偏好,宠物/用品
二级类目高偏好,无主灯类灯饰
二级类目高偏好,文学
二级类目高偏好,隐形眼镜
二级类目高偏好,家居服/哺乳装/秋衣裤
二级类目高偏好,家居钟饰/闹钟
二级类目高偏好,平板电视
二级类目高偏好,背心吊带
二级类目高偏好,USB数码周边
二级类目高偏好,水族食品及用品
二级类目高偏好,餐椅
二级类目高偏好,电动车装备区
二级类目高偏好,骑行服饰/骑行装备
二级类目高偏好,羽毛球
二级类目高偏好,练字本/练字板
二级类目高偏好,宝宝零食
二级类目高偏好,经络保健器材
二级类目高偏好,钟表眼镜
二级类目高偏好,国产腕表
二级类目高偏好,瓷砖
二级类目高偏好,中国移动充值卡
二级类目高偏好,办公家具
二级类目高偏好,台式净饮机
二级类目高偏好,电蒸锅/台式电蒸箱/肠粉机
二级类目高偏好,裁剪用品
二级类目高偏好,屏风/花窗
二级类目高偏好,微波炉
二级类目高偏好,综合训练鞋/室内健身鞋
二级类目高偏好,超声波迷你清洗机
二级类目高偏好,拖鞋
二级类目高偏好,日用/装饰定制
二级类目高偏好,国际隐形眼镜/护理液
二级类目高偏好,Cosplay服饰/道具/服务
二级类目高偏好,红茶
二级类目高偏好,艺术
二级类目高偏好,雕刻工艺
二级类目高偏好,键盘
二级类目高偏好,蜂蜜及其制品
二级类目高偏好,热水器
二级类目高偏好,电热火锅/煎锅
二级类目高偏好,普通数码相机
二级类目高偏好,婴儿礼盒
二级类目高偏好,门
二级类目高偏好,阿胶膏方
二级类目高偏好,办公用纸
二级类目高偏好,吸奶器/配件
二级类目高偏好,地板
二级类目高偏好,电子教育
二级类目高偏好,香包/香囊
二级类目高偏好,洗鼻器／吸鼻器
二级类目高偏好,绘图测量用品
二级类目高偏好,反穿衣/罩衣
二级类目高偏好,烧烤炉/烤架
二级类目高偏好,摇篮/摇椅/床护栏
二级类目高偏好,西服外套
二级类目高偏好,鲜花速递(同城)
二级类目高偏好,祛疤产品
二级类目高偏好,水果制品
二级类目高偏好,功能眼镜
二级类目高偏好,床盖
二级类目高偏好,智能锁/电子锁
二级类目高偏好,汽车清洗用品/清洗工具
二级类目高偏好,解锁/迷宫/魔方/智力玩具
二级类目高偏好,清洁液/洗衣液/柔顺剂
二级类目高偏好,洗碗机
二级类目高偏好,洋酒
二级类目高偏好,滋补养生原料
二级类目高偏好,电子办公/学习设备
二级类目高偏好,社会科学
二级类目高偏好,户外/庭院家具
二级类目高偏好,家装/建材
二级类目高偏好,套装
二级类目高偏好,孕妇裤/托腹裤
二级类目高偏好,大码男装
二级类目高偏好,智能家居系统
二级类目高偏好,母婴用品
二级类目高偏好,壁饰
二级类目高偏好,运动套装
二级类目高偏好,塑身上衣
二级类目高偏好,孕妇装
二级类目高偏好,聚会/魔术/演出用品
二级类目高偏好,榨汁机/原汁机
二级类目高偏好,室外灯饰
二级类目高偏好,收藏卡牌/卡片
二级类目高偏好,剃须刀
二级类目高偏好,童鞋
二级类目高偏好,情趣内衣
二级类目高偏好,单肩背包
二级类目高偏好,高尔夫
二级类目高偏好,机械五金
二级类目高偏好,空气炸锅
二级类目高偏好,装订用品
二级类目高偏好,膏药贴（器械）
二级类目高偏好,芭蕾舞
二级类目高偏好,乌龙茶（新）
二级类目高偏好,护具（器械）
二级类目高偏好,果冻/布丁
二级类目高偏好,棋牌/桌游
二级类目高偏好,保健护理
二级类目高偏好,猫/狗药品
二级类目高偏好,空调
二级类目高偏好,哺乳文胸/内裤/产检裤
二级类目高偏好,电磁炉/陶炉
二级类目高偏好,儿童玩具枪
二级类目高偏好,鸟/鸡/鸭等禽类食品及用品
二级类目高偏好,枕巾
二级类目高偏好,防撞/提醒/安全/保护
二级类目高偏好,监控器材及系统
二级类目高偏好,其他打印设备
二级类目高偏好,普洱
二级类目高偏好,音乐玩具/儿童乐器
二级类目高偏好,绞肉/碎肉/绞菜机
二级类目高偏好,麻将/棋牌/益智类
二级类目高偏好,蓝帽子保健食品
二级类目高偏好,娃衣
二级类目高偏好,水族类宠物
二级类目高偏好,汽车加装
二级类目高偏好,新鲜蛋糕/低温糕点/短保烘焙
二级类目高偏好,运营物资
二级类目高偏好,乳贴
二级类目高偏好,欧美腕表
二级类目高偏好,汉服鞋/绣花鞋/传统布鞋
二级类目高偏好,新型装饰材料
二级类目高偏好,牛仔外套
二级类目高偏好,仿真花/绿植/蔬果成品（新）
二级类目高偏好,智能儿童手表
二级类目高偏好,啤酒
二级类目高偏好,快餐/小吃/西式快餐
二级类目高偏好,美体/塑身塑形/增高用具
二级类目高偏好,男士鞋靴
二级类目高偏好,其它玩具
二级类目高偏好,无线鼠标
二级类目高偏好,货架/展柜
二级类目高偏好,熟食/卤味/即食菜
二级类目高偏好,彩泥/粘土/软陶泥
二级类目高偏好,抹胸
二级类目高偏好,男士面部护理
二级类目高偏好,跑步机/大型健身器械
二级类目高偏好,头戴耳机
二级类目高偏好,儿童礼服
二级类目高偏好,防护/救生装备
二级类目高偏好,急救护理
二级类目高偏好,电煮锅
二级类目高偏好,其它
二级类目高偏好,电压力锅
二级类目高偏好,投影仪
二级类目高偏好,哺乳用品
二级类目高偏好,办公/文具定制
二级类目高偏好,哲学和宗教
二级类目高偏好,其它配件
二级类目高偏好,枸杞及其制品
二级类目高偏好,电脑周边
二级类目高偏好,胶卷相机
二级类目高偏好,商业配套设施
二级类目高偏好,仪器仪表
二级类目高偏好,浴霸
二级类目高偏好,烘焙半成品/蛋挞/披萨
二级类目高偏好,数码周边
二级类目高偏好,鼠类等小宠食品及用品
二级类目高偏好,挂毯/壁毯
二级类目高偏好,婚纱礼服配件
二级类目高偏好,汽车防护用品
二级类目高偏好,麦克风/话筒
二级类目高偏好,影视/明星周边
二级类目高偏好,单电微单
二级类目高偏好,插座
二级类目高偏好,老爹鞋
二级类目高偏好,酒
二级类目高偏好,粮油米面
二级类目高偏好,图书
二级类目高偏好,艺术家潮玩
二级类目高偏好,摩托车骑士装备
二级类目高偏好,保健/心理类书籍
二级类目高偏好,品牌打火机及配件
二级类目高偏好,浴缸/淋浴房
二级类目高偏好,局部护理
二级类目高偏好,汽车/用品
二级类目高偏好,干衣机
二级类目高偏好,网球
二级类目高偏好,西服套装
二级类目高偏好,电炖锅/煲汤锅/电炖盅
二级类目高偏好,钟
二级类目高偏好,血糖用品
二级类目高偏好,花艺包装/材料
二级类目高偏好,知识服务
二级类目高偏好,永生花/干花
二级类目高偏好,手动工具
二级类目高偏好,绘画类用品
二级类目高偏好,模型制作工具/辅料耗材
二级类目高偏好,女用器具
二级类目高偏好,墙纸/墙布
二级类目高偏好,仓配物资
二级类目高偏好,凉鞋
二级类目高偏好,涂料（乳胶漆）
二级类目高偏好,保健理疗
二级类目高偏好,宝宝纪念品/个性产品
二级类目高偏好,仓储家具
二级类目高偏好,布尿裤/尿垫
二级类目高偏好,游泳池/戏水玩具
二级类目高偏好,军迷服饰/军迷用品
二级类目高偏好,手机
二级类目高偏好,纸制品
二级类目高偏好,板材木方
二级类目高偏好,自行车整车
二级类目高偏好,登山攀岩攀冰
二级类目高偏好,娃娃/配件/着替
二级类目高偏好,胸包
二级类目高偏好,冰淇淋/冻品
二级类目高偏好,驱虫用品
二级类目高偏好,帆布鞋
二级类目高偏好,驱虫用品
二级类目高偏好,帆布鞋
二级类目高偏好,五金工具
二级类目高偏好,显示器/显示屏/显示器配件
二级类目高偏好,数码相机配件
二级类目高偏好,孕产妇护肤/洗护/祛纹
二级类目高偏好,包装用品定制
二级类目高偏好,代金券/提货券
二级类目高偏好,服饰家具
二级类目高偏好,腰包
二级类目高偏好,物流包装
二级类目高偏好,现代舞
二级类目高偏好,新国风舞/古典舞
二级类目高偏好,日韩腕表
二级类目高偏好,运动相机/数码摄像机
二级类目高偏好,十字绣及工具配件
二级类目高偏好,劳保用品
二级类目高偏好,旅行收纳用具
二级类目高偏好,汽车文化产品
二级类目高偏好,棉花娃娃
二级类目高偏好,运动拖鞋
二级类目高偏好,服务类
二级类目高偏好,扇/迷你风扇/配件/冰垫/冰贴
二级类目高偏好,学历/职业资格考试
二级类目高偏好,智能手环
二级类目高偏好,光源
二级类目高偏好,运动POLO衫
二级类目高偏好,游戏软件平台
二级类目高偏好,按摩椅/沙发
二级类目高偏好,乐器配件
二级类目高偏好,自行车/单车装备
二级类目高偏好,紧固件
二级类目高偏好,校服/园服
二级类目高偏好,音像
二级类目高偏好,驼奶及驼奶粉
二级类目高偏好,花园植物/行道树/果树
二级类目高偏好,墨粉硒鼓耗材类
二级类目高偏好,干电池/充电电池/套装
二级类目高偏好,塑料包装
二级类目高偏好,园艺植物
二级类目高偏好,刀具/多用工具
二级类目高偏好,儿童奶粉
二级类目高偏好,跆拳道/武术/搏击
二级类目高偏好,运动风衣
二级类目高偏好,兔类食品及用品
二级类目高偏好,家用游戏机
二级类目高偏好,防水箱包
二级类目高偏好,其它
二级类目高偏好,拉丁舞
二级类目高偏好,喷墨打印设备
二级类目高偏好,皮肤及性病用药
二级类目高偏好,高达/机甲模型/机器人/变形类
二级类目高偏好,篮球
二级类目高偏好,户外照明
二级类目高偏好,汽车贴膜
二级类目高偏好,汽车儿童安全座椅/附件
二级类目高偏好,绿茶（新）
二级类目高偏好,演艺/表演类门票
二级类目高偏好,财会用品
二级类目高偏好,路由器
二级类目高偏好,手工艺/民俗
二级类目高偏好,车船模/军模/无人机/穿越机
二级类目高偏好,机电五金
二级类目高偏好,轮滑/滑板/极限运动
二级类目高偏好,自行车/用品
二级类目高偏好,肚兜
二级类目高偏好,游戏设备
二级类目高偏好,胶带
二级类目高偏好,家电配件
二级类目高偏好,设计服务
二级类目高偏好,生活家电配件
二级类目高偏好,教学服务
二级类目高偏好,医学卫生
二级类目高偏好,智能摄像
二级类目高偏好,蚊帐
二级类目高偏好,脱毛仪器
二级类目高偏好,少女文胸
二级类目高偏好,长租房源
二级类目高偏好,摩托车/用品
二级类目高偏好,火车票
二级类目高偏好,配件
二级类目高偏好,运动沙滩鞋/凉鞋
二级类目高偏好,游戏代练（新）
二级类目高偏好,电动二轮车整车
二级类目高偏好,羽毛球鞋
二级类目高偏好,汽车专用电器
二级类目高偏好,短裤
二级类目高偏好,游戏手柄
二级类目高偏好,心脑血管
二级类目高偏好,汽车专用电子
二级类目高偏好,茶吧机/泡茶机
二级类目高偏好,电动车/用品
二级类目高偏好,商厨加热类设备
二级类目高偏好,窗
二级类目高偏好,工位器具
二级类目高偏好,足球
二级类目高偏好,驱蚊用品
二级类目高偏好,有线耳机
二级类目高偏好,创意植物
二级类目高偏好,脚链
二级类目高偏好,电动车零/配件
二级类目高偏好,电饼铛/华夫饼机/薄饼机
二级类目高偏好,新能源充电设备/用品
二级类目高偏好,投影仪配件
二级类目高偏好,晾衣架/晾衣杆
二级类目高偏好,猫咪
二级类目高偏好,汽车智能网联
二级类目高偏好,电动工具
二级类目高偏好,文化/体育周边
二级类目高偏好,乒乓球
二级类目高偏好,鸟/鸡/鸭等禽类宠物
二级类目高偏好,外观件
二级类目高偏好,包装设备/标牌及耗材
二级类目高偏好,吉他/电贝司/尤克里里
二级类目高偏好,智能商业/楼宇系统
二级类目高偏好,轴承
二级类目高偏好,餐饮/烘焙家具
二级类目高偏好,水管管材
二级类目高偏好,键帽
二级类目高偏好,民族乐器
二级类目高偏好,其他
二级类目高偏好,汽车养护用品
二级类目高偏好,男士理容工具
二级类目高偏好,冷藏
二级类目高偏好,影音家电配件
二级类目高偏好,狗狗
二级类目高偏好,汽车电子防盗安防
二级类目高偏好,体重秤/健康秤/体脂秤
二级类目高偏好,冷柜/便携冷热箱
二级类目高偏好,电气控制
二级类目高偏好,牛仔衬衫
二级类目高偏好,城市/景观家具
二级类目高偏好,摩托车配件
二级类目高偏好,单反镜头
二级类目高偏好,住宅用房
二级类目高偏好,电子零件
二级类目高偏好,自行车零/配件
二级类目高偏好,适老卫浴
二级类目高偏好,基础材料耗材
二级类目高偏好,集成吊顶
二级类目高偏好,粽子
二级类目高偏好,生鲜水果
二级类目高偏好,阀门
二级类目高偏好,普通U盘/固态U盘/音乐U盘
二级类目高偏好,电信话费充值卡
二级类目高偏好,雨鞋
二级类目高偏好,国创拼装/成品机甲
二级类目高偏好,开关
二级类目高偏好,闪存卡
二级类目高偏好,垂钓装备
二级类目高偏好,游戏软件
二级类目高偏好,血压计（电子血压计）
二级类目高偏好,磁铁及制品
二级类目高偏好,鞋配件
二级类目高偏好,DIY兼容机
二级类目高偏好,台式整机
二级类目高偏好,超市家具
二级类目高偏好,音乐CD/DVD
二级类目高偏好,游戏掌机
二级类目高偏好,量具
二级类目高偏好,DS/3DS专用配件
二级类目高偏好,痛包
二级类目高偏好,网络设备
二级类目高偏好,书法/绘画
二级类目高偏好,汽保工具
二级类目高偏好,汽车美容用品
二级类目高偏好,凉席
二级类目高偏好,刃具
二级类目高偏好,多功能电动车
二级类目高偏好,摩托车装饰养护
二级类目高偏好,足球鞋
二级类目高偏好,商厨制冷类设备
二级类目高偏好,成年人护理用品
二级类目高偏好,望远镜/夜视仪/户外眼镜
二级类目高偏好,一体机
二级类目高偏好,气动元件/系统/装置
二级类目高偏好,烟具
二级类目高偏好,其他游戏点卡
二级类目高偏好,随身wifi
二级类目高偏好,焊接设备及耗材
二级类目高偏好,吊扇/隐形吊扇/装饰吊扇
二级类目高偏好,车用附件
二级类目高偏好,爬宠/鸣虫类宠物
二级类目高偏好,MP3/MP4配件
二级类目高偏好,防水材料（新）
二级类目高偏好,机械及行业设备
二级类目高偏好,雨刮
二级类目高偏好,气动工具
二级类目高偏好,摩托车整车
二级类目高偏好,液压/起重工具
二级类目高偏好,传动件
二级类目高偏好,线材/线类
二级类目高偏好,电子美容仪（器械）
二级类目高偏好,无源元件
二级类目高偏好,自行车修车工具
二级类目高偏好,商厨食品机械
二级类目高偏好,台球
二级类目高偏好,床幔
二级类目高偏好,显卡
二级类目高偏好,固态硬盘
二级类目高偏好,轮胎
二级类目高偏好,工程/商业/办公照明
二级类目高偏好,内饰系统
二级类目高偏好,冷冻
二级类目高偏好,有线鼠标
二级类目高偏好,换气扇/排气扇
二级类目高偏好,运动首饰
二级类目高偏好,散热器/风扇
二级类目高偏好,凉鞋
二级类目高偏好,电工配件
二级类目高偏好,垂钓钓竿
二级类目高偏好,电动滑板车
二级类目高偏好,钢材
二级类目高偏好,男用器具
二级类目高偏好,电线
二级类目高偏好,广场舞
二级类目高偏好,Hifi音箱/功放/器材
二级类目高偏好,理发器
二级类目高偏好,滤芯
二级类目高偏好,家电影音周边配件
二级类目高偏好,机箱
二级类目高偏好,油品
二级类目高偏好,膨化食品
二级类目高偏好,智能电脑硬件
二级类目高偏好,垂钓鱼饵
二级类目高偏好,底盒
二级类目高偏好,照明系统
二级类目高偏好,开关/按钮
二级类目高偏好,CPU
二级类目高偏好,二手手机
二级类目高偏好,防盗系统
二级类目高偏好,内存
二级类目高偏好,中餐
二级类目高偏好,男科用药
二级类目高偏好,舞台设备
二级类目高偏好,电源及电源管理
二级类目高偏好,主板
二级类目高偏好,畜牧/养殖设备
二级类目高偏好,连接器
二级类目高偏好,电机/马达
二级类目高偏好,新入网手机号套餐
二级类目高偏好,游戏
二级类目高偏好,开发板/开发套件
二级类目高偏好,肩带
二级类目高偏好,肥料
二级类目高偏好,演出
二级类目高偏好,电风扇
二级类目高偏好,种子/种苗
二级类目高偏好,电气系统
二级类目高偏好,农药
二级类目高偏好,汽车音响改装
二级类目高偏好,电路板
二级类目高偏好,箱包
二级类目高偏好,风筝
二级类目高偏好,农业机械
母婴行业-母婴育龄人群 2.0,15-18岁
母婴行业-母婴育龄人群 2.0,12-15岁
母婴行业-母婴育龄人群 2.0,6-12岁
母婴行业-母婴育龄人群 2.0,3-6岁
母婴行业-母婴育龄人群 2.0,1-3岁
母婴行业-母婴育龄人群 2.0,0-1岁
母婴行业-母婴育龄人群 2.0,孕期
母婴行业-母婴育龄人群 2.0,备孕期
母婴行业-童装童鞋儿童风格偏好人群,童装童鞋儿童风格偏好人群
母婴行业-纸尿裤年消费频次,1次
母婴行业-纸尿裤年消费频次,2次
母婴行业-纸尿裤年消费频次,3次
母婴行业-纸尿裤年消费频次,4-5次
母婴行业-纸尿裤年消费频次,6-8次
母婴行业-纸尿裤年消费频次,9-10次
母婴行业-纸尿裤年消费频次,10次以上
母婴行业-纸尿裤年消费金额分段,1-99元
母婴行业-纸尿裤年消费金额分段,100-199元
母婴行业-纸尿裤年消费金额分段,200-299元
母婴行业-纸尿裤年消费金额分段,300-499元
母婴行业-纸尿裤年消费金额分段,500-999元
母婴行业-纸尿裤年消费金额分段,1000-1499元
母婴行业-纸尿裤年消费金额分段,1500-1999元
母婴行业-纸尿裤年消费金额分段,2000元及以上
母婴行业-纸尿裤型号,NB
母婴行业-纸尿裤型号,S
母婴行业-纸尿裤型号,M
母婴行业-纸尿裤型号,L
母婴行业-纸尿裤型号,XL
母婴行业-纸尿裤型号,XXL
母婴行业-纸尿裤型号,XXXL或以上
母婴行业-奶粉价格段偏好,0-49元
母婴行业-奶粉价格段偏好,50-99元
母婴行业-奶粉价格段偏好,100-149元
母婴行业-奶粉价格段偏好,150-199元
母婴行业-奶粉价格段偏好,200-299元
母婴行业-奶粉价格段偏好,300-499元
母婴行业-奶粉价格段偏好,500-799元
母婴行业-奶粉价格段偏好,800-999元
母婴行业-奶粉价格段偏好,1000元及以上
母婴行业-奶粉年消费频次,1次
母婴行业-奶粉年消费频次,2次
母婴行业-奶粉年消费频次,3次
母婴行业-奶粉年消费频次,4-5次
母婴行业-奶粉年消费频次,6-8次
母婴行业-奶粉年消费频次,9-10次
母婴行业-奶粉年消费频次,11-12次
母婴行业-奶粉年消费频次,13次及以上
母婴行业-奶粉年消费金额,1-199元
母婴行业-奶粉年消费金额,200-499元
母婴行业-奶粉年消费金额,500-999元
母婴行业-奶粉年消费金额,1000-1999元
母婴行业-奶粉年消费金额,2000-2999元
母婴行业-奶粉年消费金额,3000-4999元
母婴行业-奶粉年消费金额,5000-9999元
母婴行业-奶粉年消费金额,10000-14999元
母婴行业-奶粉年消费金额,15000元及以上
母婴行业-母婴惊喜券领券未购人群,母婴惊喜券领券未购人群
母婴行业-母婴童装童鞋先锋度人群,早期引领者
母婴行业-母婴童装童鞋先锋度人群,早期采用者
母婴行业-母婴童装童鞋先锋度人群,大众采用者
母婴行业-母婴童装童鞋先锋度人群,先锋者
母婴行业-母婴奶粉尿裤先锋度人群,早期引领者
母婴行业-母婴奶粉尿裤先锋度人群,早期采用者
母婴行业-母婴奶粉尿裤先锋度人群,大众采用者
母婴行业-母婴奶粉尿裤先锋度人群,先锋者
母婴行业-母婴用品文具玩具先锋度人群,早期采用者
母婴行业-母婴用品文具玩具先锋度人群,早期引领者
母婴行业-母婴用品文具玩具先锋度人群,大众采用者
母婴行业-母婴用品文具玩具先锋度人群,先锋者
母婴行业-童装/婴儿装/亲子装价格段偏好,0~50
母婴行业-童装/婴儿装/亲子装价格段偏好,50~100
母婴行业-童装/婴儿装/亲子装价格段偏好,100~150
母婴行业-童装/婴儿装/亲子装价格段偏好,150~200
母婴行业-童装/婴儿装/亲子装价格段偏好,200以上
母婴行业-玩具/童车/益智/积木/模型价格段偏好,0~50
母婴行业-玩具/童车/益智/积木/模型价格段偏好,50~100
母婴行业-玩具/童车/益智/积木/模型价格段偏好,100~150
母婴行业-玩具/童车/益智/积木/模型价格段偏好,150~200
母婴行业-玩具/童车/益智/积木/模型价格段偏好,200以上
母婴行业-婴童用品价格段偏好,0~50
母婴行业-婴童用品价格段偏好,50~100
母婴行业-婴童用品价格段偏好,100~150
母婴行业-婴童用品价格段偏好,150~200
母婴行业-婴童用品价格段偏好,200以上
母婴行业-童鞋/婴儿鞋/亲子鞋价格段偏好,0~50
母婴行业-童鞋/婴儿鞋/亲子鞋价格段偏好,50~100
母婴行业-童鞋/婴儿鞋/亲子鞋价格段偏好,100~150
母婴行业-童鞋/婴儿鞋/亲子鞋价格段偏好,150~200
母婴行业-童鞋/婴儿鞋/亲子鞋价格段偏好,200以上
母婴行业-孕妇装/孕产妇用品/营养价格段偏好,0~50
母婴行业-孕妇装/孕产妇用品/营养价格段偏好,50~100
母婴行业-孕妇装/孕产妇用品/营养价格段偏好,100~150
母婴行业-孕妇装/孕产妇用品/营养价格段偏好,150~200
母婴行业-孕妇装/孕产妇用品/营养价格段偏好,200以上
母婴行业-母婴策略人群,宠娃精致妈妈
母婴行业-母婴策略人群,小镇品质妈妈
母婴行业-母婴策略人群,顾家奶爸
母婴行业-母婴策略人群,传统乐观妈妈
母婴行业-母婴策略人群,年轻潮妈
母婴行业-母婴策略人群,都市蓝领妈妈
母婴行业-童装婴儿装亲子装二级类目偏好,T恤
母婴行业-童装婴儿装亲子装二级类目偏好,套装
母婴行业-童装婴儿装亲子装二级类目偏好,裙子
母婴行业-童装婴儿装亲子装二级类目偏好,背心吊带
母婴行业-童装婴儿装亲子装二级类目偏好,衬衫
母婴行业-童装婴儿装亲子装二级类目偏好,裤子
母婴行业-童装婴儿装亲子装二级类目偏好,儿童礼服
母婴行业-童装婴儿装亲子装二级类目偏好,儿童演出服
母婴行业-童装婴儿装亲子装二级类目偏好,儿童家居服
母婴行业-童装婴儿装亲子装二级类目偏好,儿童户外服
母婴行业-童装婴儿装亲子装二级类目偏好,其它
母婴行业-童装婴儿装亲子装二级类目偏好,儿童袜子
母婴行业-童装婴儿装亲子装二级类目偏好,儿童内衣裤
母婴行业-童装婴儿装亲子装二级类目偏好,马甲
母婴行业-童装婴儿装亲子装二级类目偏好,儿童POLO衫
母婴行业-童装婴儿装亲子装二级类目偏好,儿童牛仔
母婴行业-婴童用品二级类目偏好,湿巾
母婴行业-婴童用品二级类目偏好,睡袋/凉席/枕头/床品
母婴行业-婴童用品二级类目偏好,牙胶/牙刷/牙膏
母婴行业-婴童用品二级类目偏好,宝宝洗浴
母婴行业-婴童用品二级类目偏好,驱蚊用品
母婴行业-婴童用品二级类目偏好,其它
母婴行业-婴童用品二级类目偏好,宝宝护肤
母婴行业-婴童用品二级类目偏好,奶瓶/奶瓶相关
母婴行业-婴童用品二级类目偏好,水杯/餐具/研磨/辅食用具
母婴行业-婴童用品二级类目偏好,奶嘴/奶嘴相关
母婴行业-婴童用品二级类目偏好,婴儿手推车/学步车
母婴行业-婴童用品二级类目偏好,清洁液/洗衣液/柔顺剂
母婴行业-婴童用品二级类目偏好,摇篮/摇椅/床护栏
母婴行业-婴童用品二级类目偏好,背带/学步带/出行用品
母婴行业-婴童用品二级类目偏好,理发/指甲钳等护理小用品
母婴行业-玩具童车益智积木模型二级类目偏好,毛绒布艺类玩具
母婴行业-玩具童车益智积木模型二级类目偏好,儿童智能玩具
母婴行业-玩具童车益智积木模型二级类目偏好,积木
母婴行业-玩具童车益智积木模型二级类目偏好,儿童玩具枪
母婴行业-玩具童车益智积木模型二级类目偏好,绘画类用品
母婴行业-玩具童车益智积木模型二级类目偏好,静态模型
母婴行业-玩具童车益智积木模型二级类目偏好,油动电动模型
母婴行业-玩具童车益智积木模型二级类目偏好,悠悠溜溜球
母婴行业-玩具童车益智积木模型二级类目偏好,育儿书籍
母婴行业-奶粉包装偏好,罐装
母婴行业-奶粉包装偏好,盒装
母婴行业-奶粉包装偏好,其他
母婴行业-奶粉包装偏好,箱装
母婴行业-奶粉包装偏好,试用装
母婴行业-奶粉包装偏好,袋装
母婴行业-纸尿裤适用性别偏好,男女通用
母婴行业-纸尿裤适用性别偏好,女
母婴行业-纸尿裤适用性别偏好,男
母婴行业-童装最近6个月消费频次偏好,1
母婴行业-童装最近6个月消费频次偏好,[2-5)
母婴行业-童装最近6个月消费频次偏好,[5-10)
母婴行业-童装最近6个月消费频次偏好,[10-15)
母婴行业-童装最近6个月消费频次偏好,[15-20)
母婴行业-童装最近6个月消费频次偏好,20以上
母婴行业-童装最近6个月购买价格段偏好,小于100
母婴行业-童装最近6个月购买价格段偏好,100-200
母婴行业-童装最近6个月购买价格段偏好,200-400
母婴行业-童装最近6个月购买价格段偏好,400-600
母婴行业-童装最近6个月购买价格段偏好,600-800
母婴行业-童装最近6个月购买价格段偏好,800-1000
母婴行业-童装最近6个月购买价格段偏好,1000-1500
母婴行业-童装最近6个月购买价格段偏好,1500以上
母婴行业-童鞋最近6个月购买价格段偏好,小于100
母婴行业-童鞋最近6个月购买价格段偏好,100-200
母婴行业-童鞋最近6个月购买价格段偏好,200-400
母婴行业-童鞋最近6个月购买价格段偏好,400-600
母婴行业-童鞋最近6个月购买价格段偏好,600-800
母婴行业-童鞋最近6个月购买价格段偏好,800-1000
母婴行业-童鞋最近6个月购买价格段偏好,1000-1500
母婴行业-童鞋最近6个月购买价格段偏好,1500以上
母婴行业-辅食年消费频次,1-2次
母婴行业-辅食年消费频次,3-4次
母婴行业-辅食年消费频次,5-9次
母婴行业-辅食年消费频次,10次及以上
美妆行业-彩妆策略人群,彩妆中阶人群
美妆行业-彩妆策略人群,彩妆初阶人群
美妆行业-彩妆策略人群,彩妆高阶人群
美妆行业-彩妆策略人群,彩妆跨品类潜客
美妆行业-彩妆策略人群,彩妆品类互动潜客
美妆行业-医美偏好人群(新),医美偏好人群
美妆行业-美容护肤/美体/精油类型偏好,乳液/面霜
美妆行业-美容护肤/美体/精油类型偏好,面部精华（新）
美妆行业-美容护肤/美体/精油类型偏好,面部护理套装
美妆行业-美容护肤/美体/精油类型偏好,面膜（新）
美妆行业-美容护肤/美体/精油类型偏好,防晒（新）
美妆行业-美容护肤/美体/精油类型偏好,洁面
美妆行业-美容护肤/美体/精油类型偏好,化妆水/爽肤水
美妆行业-美容护肤/美体/精油类型偏好,身体护理（新）
美妆行业-美容护肤/美体/精油类型偏好,眼部护理（新）
美妆行业-美容护肤/美体/精油类型偏好,卸妆
美妆行业-美容护肤/美体/精油类型偏好,手部保养（新）
美妆行业-美容护肤/美体/精油类型偏好,唇部护理（新）
美妆行业-美容护肤/美体/精油类型偏好,精油芳疗
美妆行业-美容护肤/美体/精油类型偏好,旅行装/体验装
美妆行业-美容护肤/美体/精油类型偏好,足部护理
美妆行业-美容护肤/美体/精油类型偏好,T区护理（新）
美妆行业-美容护肤/美体/精油类型偏好,其他保养
美妆行业-美容护肤/美体/精油类型偏好,面部磨砂/去角质
美妆行业-美容护肤/美体/精油类型偏好,面部按摩霜
美妆行业-美容护肤/美体/精油类型偏好,胸部护理（新）
美妆行业-美容护肤/美体/精油类型偏好,美容服务
美妆行业-彩妆/香水/美妆工具类型偏好,美容工具
美妆行业-彩妆/香水/美妆工具类型偏好,面部彩妆
美妆行业-彩妆/香水/美妆工具类型偏好,唇部彩妆
美妆行业-彩妆/香水/美妆工具类型偏好,眼部彩妆
美妆行业-彩妆/香水/美妆工具类型偏好,指甲油/美甲产品（新）
美妆行业-彩妆/香水/美妆工具类型偏好,美甲工具
美妆行业-彩妆/香水/美妆工具类型偏好,彩妆套装（新）
美妆行业-彩妆/香水/美妆工具类型偏好,旅行装/体验装
美妆行业-彩妆/香水/美妆工具类型偏好,身体彩妆
美妆行业-彩妆/香水/美妆工具类型偏好,其它彩妆
美妆行业-彩妆/香水/美妆工具类型偏好,男士彩妆（新）
美妆行业-彩妆/香水/美妆工具类型偏好,CC霜
美妆行业-彩妆功效需求,定妆持久
美妆行业-彩妆功效需求,提亮肤色
美妆行业-彩妆功效需求,修颜
美妆行业-彩妆功效需求,保湿滋润
美妆行业-彩妆功效需求,易上色
美妆行业-彩妆功效需求,自然贴服
美妆行业-彩妆功效需求,美白遮瑕
美妆行业-彩妆功效需求,防水
美妆行业-彩妆功效需求,收缩毛孔
美妆行业-彩妆功效需求,控油
美妆行业-彩妆功效需求,隔离
美妆行业-彩妆功效需求,防晒
美妆行业-彩妆功效需求,去黑眼圈
美妆行业-彩妆功效需求,提拉紧致
美妆行业-彩妆功效需求,变色
美妆行业-彩妆功效需求,舒缓肌肤
美妆行业-彩妆功效需求,去皱
美妆行业-彩妆功效需求,祛痘
美妆行业-彩妆功效需求,祛斑
美妆行业-彩妆价格段偏好,0-29元
美妆行业-彩妆价格段偏好,30-49元
美妆行业-彩妆价格段偏好,50-79元
美妆行业-彩妆价格段偏好,80-99元
美妆行业-彩妆价格段偏好,100-149元
美妆行业-彩妆价格段偏好,150-199元
美妆行业-彩妆价格段偏好,200-299元
美妆行业-彩妆价格段偏好,300-499元
美妆行业-彩妆价格段偏好,500-799元
美妆行业-彩妆价格段偏好,800-999元
美妆行业-彩妆价格段偏好,1000元及以上
美妆行业-彩妆年消费频次,1次
美妆行业-彩妆年消费频次,2次
美妆行业-彩妆年消费频次,3次
美妆行业-彩妆年消费频次,4-5次
美妆行业-彩妆年消费频次,6-8次
美妆行业-彩妆年消费频次,9-10次
美妆行业-彩妆年消费频次,11-12次
美妆行业-彩妆年消费频次,13次及以上
美妆行业-彩妆年消费金额,1-99元
美妆行业-彩妆年消费金额,100-199元
美妆行业-彩妆年消费金额,200-299元
美妆行业-彩妆年消费金额,300-499元
美妆行业-彩妆年消费金额,500-799元
美妆行业-彩妆年消费金额,800-999元
美妆行业-彩妆年消费金额,1000-1499元
美妆行业-彩妆年消费金额,1500-1999元
美妆行业-彩妆年消费金额,2000-4999元
美妆行业-彩妆年消费金额,5000元及以上
美妆行业-护肤品功效需求,保湿补水
美妆行业-护肤品功效需求,修护
美妆行业-护肤品功效需求,净化肌肤
美妆行业-护肤品功效需求,提亮肤色
美妆行业-护肤品功效需求,提拉紧致
美妆行业-护肤品功效需求,控油
美妆行业-护肤品功效需求,祛皱
美妆行业-护肤品功效需求,去黑头/收缩毛孔
美妆行业-护肤品功效需求,美白
美妆行业-护肤品功效需求,抗衰老
美妆行业-护肤品功效需求,防晒
美妆行业-护肤品功效需求,祛疤/祛痘
美妆行业-护肤品功效需求,去角质
美妆行业-护肤品功效需求,淡斑
美妆行业-护肤品功效需求,抗过敏
美妆行业-护肤品功效需求,去黑眼圈/去眼袋
美妆行业-护肤品功效需求,调节肤色
美妆行业-护肤品功效需求,增加皮肤活力
美妆行业-护肤品价格段偏好,0-29元
美妆行业-护肤品价格段偏好,30-49元
美妆行业-护肤品价格段偏好,50-79元
美妆行业-护肤品价格段偏好,80-99元
美妆行业-护肤品价格段偏好,100-149元
美妆行业-护肤品价格段偏好,150-199元
美妆行业-护肤品价格段偏好,200-299元
美妆行业-护肤品价格段偏好,300-499元
美妆行业-护肤品价格段偏好,500-799元
美妆行业-护肤品价格段偏好,800-999元
美妆行业-护肤品价格段偏好,1000元及以上
美妆行业-护肤品年消费频次,1次
美妆行业-护肤品年消费频次,2次
美妆行业-护肤品年消费频次,3次
美妆行业-护肤品年消费频次,4-5次
美妆行业-护肤品年消费频次,6-8次
美妆行业-护肤品年消费频次,9-10次
美妆行业-护肤品年消费频次,11-12次
美妆行业-护肤品年消费频次,13次及以上
美妆行业-护肤品年消费金额,1-99元
美妆行业-护肤品年消费金额,100-199元
美妆行业-护肤品年消费金额,200-299元
美妆行业-护肤品年消费金额,300-499元
美妆行业-护肤品年消费金额,500-799元
美妆行业-护肤品年消费金额,800-999元
美妆行业-护肤品年消费金额,1000-1499元
美妆行业-护肤品年消费金额,1500-1999元
美妆行业-护肤品年消费金额,2000-4999元
美妆行业-护肤品年消费金额,5000元及以上
美妆行业-肤质,干性
美妆行业-肤质,油性
美妆行业-肤质,中性
美妆行业-肤质,混合性
美妆行业-肤质,敏感性
美妆行业-美妆肤质人群,混油
美妆行业-美妆肤质人群,中性
美妆行业-美妆肤质人群,干性
美妆行业-美妆肤质人群,油性
美妆行业-美妆肤质人群,混干
美妆行业-美妆行业跨品类潜客人群,美容护肤跨类目
美妆行业-美妆行业跨品类潜客人群,彩妆跨类目
美妆行业-美妆行业跨品类潜客人群,美妆跨类目
美妆行业-美妆惊喜券领券未购人群,美妆惊喜券领券未购人群
美妆行业-礼遇场景人群,闺中密友(女性)
美妆行业-礼遇场景人群,亲情至上
美妆行业-礼遇场景人群,母爱亲子
美妆行业-礼遇场景人群,女士优待
美妆行业-礼遇场景人群,客情送礼
美妆行业-礼遇场景人群,新婚祝福
美妆行业-礼遇场景人群,相恋相惜
美妆行业-礼遇场景人群,恋爱氛围
美妆行业-礼遇场景人群,社会新人
美妆行业-礼遇场景人群,潮流青年(男性)
美妆行业-防晒人群,日常通勤
美妆行业-防晒人群,山野露营
美妆行业-防晒人群,敏肌防嗮
美妆行业-防晒人群,防晒抗老
美妆行业-防晒人群,极限运动
美妆行业-防晒人群,防晒美白
美妆行业-防晒人群,婴童防晒
美妆行业-防晒人群,孕产防晒
美妆行业-防晒人群,男性防晒
美妆行业-防晒人群,术后防嗮
美妆行业-美妆成分CNY,是
美妆行业-礼遇人群,实惠好礼
美妆行业-礼遇人群,爆款跟随
美妆行业-礼遇人群,礼盒易感
美妆行业-礼遇人群,调性奢选
美妆行业-美妆心智人群,务实精算人群
美妆行业-美妆心智人群,懒人省心人群
美妆行业-美妆心智人群,未分类
美妆行业-美妆心智人群,理性专业人群
美妆行业-美妆心智人群,跟风尝鲜人群
美妆行业-美妆心智人群,前卫先锋人群
美妆行业-美妆心智人群,悦己大牌人群
美妆行业-香氛香薰行业特色人群,香氛乐活
美妆行业-香氛香薰行业特色人群,礼赠易感
美妆行业-香氛香薰行业特色人群,新香猎人
美妆行业-香氛香薰行业特色人群,艺术先锋
美妆行业-香氛香薰行业特色人群,潮香玩咖
美妆行业-香氛香薰行业特色人群,高定奢藏
美妆行业-敏感肌用户分层,敏肌抗老
美妆行业-敏感肌用户分层,敏肌美白
美妆行业-敏感肌用户分层,中度敏感
美妆行业-敏感肌用户分层,轻度/偶发性敏感
美妆行业-敏感肌用户分层,重度敏感
美妆行业-美妆先锋度人群,大众采用者
美妆行业-美妆先锋度人群,早期采用者
美妆行业-美妆先锋度人群,早期引领者
美妆行业-美妆先锋度人群,先锋者
美妆行业-美妆洗护下沉市场,都市节俭族
美妆行业-美妆洗护下沉市场,小镇实惠党
美妆行业-美妆洗护下沉市场,小镇潮人
美妆行业-美妆洗护四大市场,下沉市场
美妆行业-美妆洗护四大市场,年轻市场
美妆行业-美妆洗护四大市场,中坚力量
美妆行业-美妆洗护四大市场,奢美市场
美妆行业-男士护理价格段偏好,0~50
美妆行业-男士护理价格段偏好,50~100
美妆行业-男士护理价格段偏好,100~200
美妆行业-男士护理价格段偏好,200~300
美妆行业-男士护理价格段偏好,300以上
美妆行业-口红色号偏好,豆沙色
美妆行业-口红色号偏好,其它
美妆行业-口红色号偏好,奶茶色
美妆行业-口红色号偏好,烂番茄色
美妆行业-口红色号偏好,红棕色
美妆行业-口红色号偏好,番茄色
美妆行业-口红色号偏好,泫雅色
美妆行业-口红色号偏好,茶色
美妆行业-口红色号偏好,蜜桃色
美妆行业-口红色号偏好,玫瑰色
美妆行业-口红色号偏好,辣椒色
美妆行业-口红色号偏好,脏橘色
美妆行业-口红色号偏好,南瓜色
手机行业-预测手机购买偏好人群,是
手机行业-手机价格段偏好,0-1100
手机行业-手机价格段偏好,1100-2600
手机行业-手机价格段偏好,2600-3000
手机行业-手机价格段偏好,3000-5000
手机行业-手机价格段偏好,5000-8000
手机行业-手机价格段偏好,8000以上
手机行业-手机颜色偏好,黑色
手机行业-手机颜色偏好,白色
手机行业-手机颜色偏好,蓝色
手机行业-手机颜色偏好,金色
手机行业-手机颜色偏好,紫色
手机行业-手机颜色偏好,青色
手机行业-手机颜色偏好,银色
手机行业-手机颜色偏好,绿色
手机行业-手机颜色偏好,粉色
手机行业-手机颜色偏好,红色
手机行业-手机颜色偏好,灰色
手机行业-手机颜色偏好,黄色
手机行业-手机颜色偏好,橙色
手机行业-手机摄像头像素偏好,500以下
手机行业-手机摄像头像素偏好,501-800
手机行业-手机摄像头像素偏好,801-1300
手机行业-手机摄像头像素偏好,1300-1600
手机行业-手机摄像头像素偏好,1600-2100
手机行业-手机摄像头像素偏好,2100以上
手机行业-手机摄像头像素偏好,无像素偏好
手机行业-预测手机换机潜客（已使用时长）,一年以下
手机行业-预测手机换机潜客（已使用时长）,1-2年
手机行业-预测手机换机潜客（已使用时长）,2-3年
手机行业-预测手机换机潜客（已使用时长）,3年以上
手机行业-手机屏幕尺寸偏好,大屏
手机行业-手机屏幕尺寸偏好,中屏
手机行业-手机屏幕尺寸偏好,小屏
个护行业-女护精细化人群,精致护理女性
个护行业-女护精细化人群,运动护理人群
个护行业-女护精细化人群,吸水巾护理人群
个护行业-女护精细化人群,女生护理人群
个护行业-女护精细化人群,夜用护理人群
个护行业-青少年（女）父母,是
个护行业-学龄高阶段（女）父母,是
个护行业-女娃口腔父母,是
个护行业-男娃口腔父母,是
个护行业-牙龈美白用户,预测牙龈美白偏好人群
个护行业-牙龈问题用户,预测牙龈护理偏好人群
"个护行业-染发偏好人群
",是
个护行业-家清先锋度人群,晚期采用者
个护行业-家清先锋度人群,早期采用者
个护行业-家清先锋度人群,保守消费者
个护行业-家清先锋度人群,早期引领者
个护行业-家清先锋度人群,先锋者
个护行业-个护先锋度人群,晚期采用者
个护行业-个护先锋度人群,早期采用者
个护行业-个护先锋度人群,保守消费者
个护行业-个护先锋度人群,早期引领者
个护行业-个护先锋度人群,先锋者
个护行业-纸巾湿巾叶子类目偏好,卫生纸
个护行业-纸巾湿巾叶子类目偏好,餐巾纸
个护行业-纸巾湿巾叶子类目偏好,保湿纸巾
个护行业-纸巾湿巾叶子类目偏好,平板卫生纸
个护行业-纸巾湿巾叶子类目偏好,大盘卷纸
个护行业-纸巾湿巾叶子类目偏好,擦手纸
个护行业-纸巾湿巾叶子类目偏好,湿厕纸
个护行业-纸巾湿巾叶子类目偏好,棉柔巾/洗脸巾
个护行业-纸巾湿巾叶子类目偏好,纸品/湿巾
个护行业-纸巾湿巾叶子类目偏好,其它
个护行业-卫生纸包装偏好,卷装
个护行业-卫生纸包装偏好,抽取式
个护行业-卫生纸包装偏好,便携式
个护行业-卫生纸包装偏好,提装
个护行业-卫生纸包装偏好,简装
个护行业-卫生纸包装偏好,筒装
个护行业-卫生纸包装偏好,独立装
个护行业-卫生纸包装偏好,箱装
个护行业-卫生纸包装偏好,条装
个护行业-卫生纸包装偏好,其它
个护行业-卫生纸包装偏好,小包式
个护行业-卫生纸包装偏好,促销装
个护行业-卫生纸包装偏好,礼盒装
个护行业-卫生纸包装偏好,散装
个护行业-卫生纸包装偏好,袋装
个护行业-衣物清洁剂/护理剂价格段偏好,"(0,10元)"
个护行业-衣物清洁剂/护理剂价格段偏好,"[10,20元)"
个护行业-衣物清洁剂/护理剂价格段偏好,"[20,30元)"
个护行业-衣物清洁剂/护理剂价格段偏好,"[30,50元)"
个护行业-衣物清洁剂/护理剂价格段偏好,"[50,80元)"
个护行业-衣物清洁剂/护理剂价格段偏好,"[80,100元)"
个护行业-衣物清洁剂/护理剂价格段偏好,"[100,150元)"
个护行业-衣物清洁剂/护理剂价格段偏好,"[150,200元)"
个护行业-衣物清洁剂/护理剂价格段偏好,200元及以上
个护行业-衣物清洁剂/护理剂年消费频次,1次
个护行业-衣物清洁剂/护理剂年消费频次,2次
个护行业-衣物清洁剂/护理剂年消费频次,3次
个护行业-衣物清洁剂/护理剂年消费频次,4-5次
个护行业-衣物清洁剂/护理剂年消费频次,6-8次
个护行业-衣物清洁剂/护理剂年消费频次,9-10次
个护行业-衣物清洁剂/护理剂年消费频次,11次及以上
个护行业-洗发水价格段偏好,"(0,20元)"
个护行业-洗发水价格段偏好,"[20,30元)"
个护行业-洗发水价格段偏好,"[30,40元)"
个护行业-洗发水价格段偏好,"[40,60元)"
个护行业-洗发水价格段偏好,"[60,80元)"
个护行业-洗发水价格段偏好,"[80,100元)"
个护行业-洗发水价格段偏好,"[100,150元)"
个护行业-洗发水价格段偏好,"[150,200元)"
个护行业-洗发水价格段偏好,200元及以上
个护行业-头发清洁/护理/造型年消费频次,1次
个护行业-头发清洁/护理/造型年消费频次,2次
个护行业-头发清洁/护理/造型年消费频次,3次
个护行业-头发清洁/护理/造型年消费金额分段,"(0,50元)"
个护行业-头发清洁/护理/造型年消费金额分段,"[50,100元)"
个护行业-头发清洁/护理/造型年消费金额分段,"[100,150元)"
个护行业-衣物清洁剂/护理剂功效偏好,护色/增艳
个护行业-衣物清洁剂/护理剂功效偏好,普通
个护行业-衣物清洁剂/护理剂功效偏好,抗菌
个护行业-衣物清洁剂/护理剂功效偏好,增柔
个护行业-头发清洁/护理/造型功效需求,去头屑
个护行业-头发清洁/护理/造型功效需求,改善头痒
个护行业-头发清洁/护理/造型功效需求,改善毛躁
个护行业-头发清洁/护理/造型功效需求,控油
个护行业-头发清洁/护理/造型功效需求,水润
个护行业-头发清洁/护理/造型功效需求,深度清洁
个护行业-头发清洁/护理/造型功效需求,损伤修复
个护行业-头发清洁/护理/造型功效需求,丰盈蓬松
个护行业-头发清洁/护理/造型功效需求,防脱
个护行业-头发清洁/护理/造型功效需求,开叉护理
个护行业-头发清洁/护理/造型功效需求,头皮舒缓
个护行业-头发清洁/护理/造型功效需求,染烫受损护理
个护行业-头发清洁/护理/造型功效需求,焗油
个护行业-头发清洁/护理/造型功效需求,柔顺
个护行业-头发清洁/护理/造型功效需求,染后护色
个护行业-头发清洁/护理/造型功效需求,烫后护卷
个护行业-头发清洁/护理/造型功效需求,定型
个护行业-头发清洁/护理/造型功效需求,强韧
个护行业-身体清洁年消费频次,1次
个护行业-身体清洁年消费频次,2次
个护行业-身体清洁年消费频次,3次
个护行业-身体清洁年消费频次,4-5次
个护行业-身体清洁年消费频次,5次以上
食品饮料行业-食品行业零食先锋度人群,早期采用者
食品饮料行业-食品行业零食先锋度人群,大众采用者
食品饮料行业-食品行业零食先锋度人群,早期引领者
食品饮料行业-食品行业零食先锋度人群,先锋者
食品饮料行业-食品正餐类先锋度人群,早期采用者
食品饮料行业-食品正餐类先锋度人群,大众采用者
食品饮料行业-食品正餐类先锋度人群,早期引领者
食品饮料行业-食品正餐类先锋度人群,先锋者
食品饮料行业-食品饮料先锋度人群,早期采用者
食品饮料行业-食品饮料先锋度人群,大众采用者
食品饮料行业-食品饮料先锋度人群,早期引领者
食品饮料行业-食品饮料先锋度人群,先锋者
食品饮料行业-茶叶价格段偏好（/500g）,0~50
食品饮料行业-茶叶价格段偏好（/500g）,50~100
食品饮料行业-茶叶价格段偏好（/500g）,100~200
食品饮料行业-茶叶价格段偏好（/500g）,200~300
食品饮料行业-茶叶价格段偏好（/500g）,300以上
食品饮料行业-酒类价格段偏好,0~50
食品饮料行业-酒类价格段偏好,50~100
食品饮料行业-酒类价格段偏好,100~200
食品饮料行业-酒类价格段偏好,200~400
食品饮料行业-酒类价格段偏好,400~600
食品饮料行业-酒类价格段偏好,600~800
食品饮料行业-酒类价格段偏好,800以上
食品饮料行业-零食价格段偏好标签,0~50
食品饮料行业-零食价格段偏好标签,50~100
食品饮料行业-零食价格段偏好标签,100~150
食品饮料行业-零食价格段偏好标签,150以上
食品饮料行业-粮油调味速食二级类目偏好,米/面粉/杂粮
食品饮料行业-粮油调味速食二级类目偏好,烘焙原料/辅料/食品添加剂
食品饮料行业-粮油调味速食二级类目偏好,南北干货/肉类干货
食品饮料行业-粮油调味速食二级类目偏好,方便速食/速冻食品
食品饮料行业-粮油调味速食二级类目偏好,调味品/果酱/沙拉
食品饮料行业-粮油调味速食二级类目偏好,食用油/调味油
食品饮料行业-粮油调味速食二级类目偏好,粮油米面/干货/调味品提货券
食品饮料行业-零食坚果特产二级类目偏好,糕点/点心
食品饮料行业-零食坚果特产二级类目偏好,糖果零食/果冻/布丁
食品饮料行业-零食坚果特产二级类目偏好,巧克力
食品饮料行业-零食坚果特产二级类目偏好,巧克力/DIY巧克力
食品饮料行业-零食坚果特产二级类目偏好,饼干/膨化
食品饮料行业-零食坚果特产二级类目偏好,山核桃/坚果/炒货
食品饮料行业-零食坚果特产二级类目偏好,豆干制品/蔬菜干
食品饮料行业-零食坚果特产二级类目偏好,牛肉干/猪肉脯/卤味零食
食品饮料行业-零食坚果特产二级类目偏好,蜜饯/枣类/梅/果干/冻干
食品饮料行业-零食坚果特产二级类目偏好,鱿鱼丝/鱼干/海味即食
食品饮料行业-速溶咖啡咖啡豆粉叶子类目偏好,速溶咖啡
食品饮料行业-速溶咖啡咖啡豆粉叶子类目偏好,咖啡豆
食品饮料行业-速溶咖啡咖啡豆粉叶子类目偏好,咖啡粉
食品饮料行业-速溶咖啡咖啡豆粉叶子类目偏好,咖啡液
食品饮料行业-速溶咖啡咖啡豆粉叶子类目偏好,胶囊咖啡
食品饮料行业-速溶咖啡咖啡豆粉叶子类目偏好,咖啡豆/粉
食品饮料行业-速溶咖啡咖啡豆粉叶子类目偏好,咖啡礼盒
食品饮料行业-速溶咖啡咖啡豆粉叶子类目偏好,咖啡伴侣/辅料
食品饮料行业-速溶咖啡咖啡豆粉叶子类目偏好,挂耳咖啡
食品饮料行业-速溶咖啡咖啡豆粉叶子类目偏好,奶精
食品饮料行业-速溶咖啡咖啡豆粉叶子类目偏好,糖浆
食品饮料行业-速溶咖啡咖啡豆粉叶子类目偏好,白砂糖包
食品饮料行业-速溶咖啡咖啡豆粉叶子类目偏好,奶油球
食品饮料行业-速溶咖啡咖啡豆粉叶子类目偏好,黄糖包
食品饮料行业-速溶混合咖啡品类偏好V2,三合一
食品饮料行业-速溶混合咖啡品类偏好V2,纯咖啡
食品饮料行业-速溶混合咖啡品类偏好V2,白咖啡
食品饮料行业-家庭决策人群,精致单身人群
食品饮料行业-家庭决策人群,已婚有娃中/老年家庭
食品饮料行业-家庭决策人群,中年已婚未育家庭
食品饮料行业-家庭决策人群,已婚有娃年轻家庭
食品饮料行业-家庭决策人群,已婚无娃年轻家庭
食品饮料行业-饼干年消费金额,0-50元
食品饮料行业-饼干年消费金额,50-100元
食品饮料行业-饼干年消费金额,100-150元
食品饮料行业-饼干年消费金额,150元及以上
食品饮料行业-饼干年消费品牌个数,0个
食品饮料行业-饼干年消费品牌个数,1个
食品饮料行业-饼干年消费品牌个数,2个
食品饮料行业-饼干年消费品牌个数,3个
食品饮料行业-饼干年消费品牌个数,4个
食品饮料行业-饼干年消费品牌个数,5个及以上
食品饮料行业-饼干年消费频次,1次
食品饮料行业-饼干年消费频次,2次
食品饮料行业-饼干年消费频次,3次
食品饮料行业-饼干年消费频次,4次
食品饮料行业-饼干年消费频次,5次
食品饮料行业-饼干年消费频次,6次及以上
食品饮料行业-酒类类目偏好,威末/Vermouth
食品饮料行业-酒类类目偏好,保健食品酒
食品饮料行业-酒类类目偏好,金酒/Gin
食品饮料行业-酒类类目偏好,梅酒
食品饮料行业-酒类类目偏好,预调鸡尾酒/Alcopop
食品饮料行业-酒类类目偏好,葡萄酒
食品饮料行业-酒类类目偏好,白兰地/Brandy
食品饮料行业-酒类类目偏好,伏特加/Vodka
食品饮料行业-酒类类目偏好,清酒/烧酒
食品饮料行业-酒类类目偏好,啤酒
食品饮料行业-酒类类目偏好,力娇酒/Liqueur
食品饮料行业-酒类类目偏好,龙舌兰/Tequila
食品饮料行业-酒类类目偏好,朗姆酒/Rum
食品饮料行业-酒类类目偏好,国产白酒
食品饮料行业-酒类类目偏好,威士忌/Whiskey
食品饮料行业-啤酒年消费金额分段,"(0,50元)"
食品饮料行业-啤酒年消费金额分段,"[50,100元)"
食品饮料行业-啤酒年消费金额分段,"[100,200元)"
食品饮料行业-啤酒年消费金额分段,"[200,300元)"
食品饮料行业-啤酒年消费金额分段,"[300,400元)"
食品饮料行业-啤酒年消费金额分段,"[400,600元)"
食品饮料行业-啤酒年消费金额分段,"[600,800元)"
食品饮料行业-啤酒年消费金额分段,800元及以上
食品饮料行业-啤酒年消费频次,1次
食品饮料行业-啤酒年消费频次,2次
食品饮料行业-啤酒年消费频次,3次
食品饮料行业-啤酒年消费频次,4次
食品饮料行业-啤酒年消费频次,4次以上
食品饮料行业-啤酒产地偏好,中国
食品饮料行业-啤酒产地偏好,比利时
食品饮料行业-啤酒产地偏好,德国
食品饮料行业-啤酒产地偏好,其他
食品饮料行业-啤酒产地偏好,法国
食品饮料行业-啤酒产地偏好,俄罗斯
食品饮料行业-啤酒产地偏好,墨西哥
食品饮料行业-啤酒产地偏好,丹麦
食品饮料行业-啤酒产地偏好,美国
食品饮料行业-啤酒产地偏好,英国
食品饮料行业-啤酒产地偏好,荷兰
食品饮料行业-啤酒产地偏好,日本
食品饮料行业-啤酒产地偏好,西班牙
食品饮料行业-啤酒产地偏好,爱尔兰
食品饮料行业-啤酒产地偏好,意大利
食品饮料行业-啤酒产地偏好,韩国
食品饮料行业-啤酒包装偏好,单瓶装
食品饮料行业-啤酒包装偏好,三瓶装
食品饮料行业-啤酒包装偏好,六瓶装
食品饮料行业-啤酒包装偏好,八瓶装
食品饮料行业-啤酒包装偏好,九瓶装
食品饮料行业-啤酒风味分类偏好,白啤酒
食品饮料行业-啤酒风味分类偏好,黄啤酒
食品饮料行业-啤酒风味分类偏好,黑啤酒
食品饮料行业-最近365天咖啡类目支付子订单数,1次
食品饮料行业-最近365天咖啡类目支付子订单数,2次
食品饮料行业-最近365天咖啡类目支付子订单数,3次
食品饮料行业-最近365天咖啡类目支付子订单数,4次
食品饮料行业-最近365天咖啡类目支付子订单数,5次
食品饮料行业-最近365天咖啡类目支付子订单数,6次
食品饮料行业-最近365天咖啡类目支付子订单数,7次
食品饮料行业-最近365天咖啡类目支付子订单数,8次
食品饮料行业-最近365天咖啡类目支付子订单数,9次
食品饮料行业-最近365天咖啡类目支付子订单数,10次
食品饮料行业-最近365天咖啡类目支付子订单数,11次
食品饮料行业-最近365天咖啡类目支付子订单数,12次
食品饮料行业-最近365天咖啡类目支付子订单数,12次以上
食品饮料行业-最近365天咖啡类目支付金额,"(0,100元)"
食品饮料行业-最近365天咖啡类目支付金额,"[100,300元)"
食品饮料行业-最近365天咖啡类目支付金额,"[300,500元)"
食品饮料行业-最近365天咖啡类目支付金额,"[500,1000元)"
食品饮料行业-最近365天咖啡类目支付金额,"[1000,1500元)"
食品饮料行业-最近365天咖啡类目支付金额,"[1500,2000元)"
食品饮料行业-最近365天咖啡类目支付金额,"[2000,3000元)"
食品饮料行业-最近365天咖啡类目支付金额,3000元以上
食品饮料行业-乳制品价格段偏好,"(0,30元)"
食品饮料行业-乳制品价格段偏好,"[30,50元)"
食品饮料行业-乳制品价格段偏好,"[50,100元)"
食品饮料行业-乳制品价格段偏好,"[100,150元)"
食品饮料行业-乳制品价格段偏好,"[150,200元)"
食品饮料行业-乳制品价格段偏好,200元及以上
食品饮料行业-乳制品年消费频次,1次
食品饮料行业-乳制品年消费频次,2次
食品饮料行业-乳制品年消费频次,3次
食品饮料行业-乳制品年消费频次,4-5次
食品饮料行业-乳制品年消费频次,6-8次
食品饮料行业-乳制品年消费频次,9-10次
食品饮料行业-乳制品年消费频次,11次及以上
食品饮料行业-巧克力年消费频次,1次
食品饮料行业-巧克力年消费频次,2次
食品饮料行业-巧克力年消费频次,3次
食品饮料行业-巧克力年消费频次,4-6次
食品饮料行业-巧克力年消费频次,7次及以上
食品饮料行业-巧克力价格段偏好,0-109元
食品饮料行业-巧克力价格段偏好,110-169元
食品饮料行业-巧克力价格段偏好,170-349元
食品饮料行业-巧克力价格段偏好,350元及以上
食品饮料行业-乳制品年消费金额分段,"(0,50元)"
食品饮料行业-乳制品年消费金额分段,"[50,100元)"
食品饮料行业-乳制品年消费金额分段,"[100,200元)"
食品饮料行业-乳制品年消费金额分段,"[200,300元)"
食品饮料行业-乳制品年消费金额分段,"[300,500元)"
食品饮料行业-乳制品年消费金额分段,"[500,1000元)"
食品饮料行业-乳制品年消费金额分段,1000元及以上
食品饮料行业-巧克力年消费金额,"(0,74元)"
食品饮料行业-巧克力年消费金额,"[74,202元)"
食品饮料行业-巧克力年消费金额,202元及以上
食品饮料行业-饮料种类偏好,果味/风味饮料
食品饮料行业-饮料种类偏好,碳酸饮料
食品饮料行业-饮料种类偏好,饮用水
食品饮料行业-饮料种类偏好,茶饮料
食品饮料行业-饮料种类偏好,植物蛋白饮料/植物奶/植物酸奶
食品饮料行业-饮料种类偏好,功能饮料饮品
食品饮料行业-饮料种类偏好,纯果蔬汁
食品饮料行业-饮料种类偏好,即饮咖啡
食品饮料行业-饮料种类偏好,植物饮料
食品饮料行业-饮料种类偏好,浓缩果蔬汁
食品饮料行业-饮料种类偏好,凉茶
食品饮料行业-饮料种类偏好,酸梅汤
食品饮料行业-茶二级类目名称偏好,代用/花草/水果/再加工茶
食品饮料行业-茶二级类目名称偏好,绿茶
食品饮料行业-茶二级类目名称偏好,普洱
食品饮料行业-茶二级类目名称偏好,乌龙茶
食品饮料行业-茶二级类目名称偏好,红茶
食品饮料行业-茶二级类目名称偏好,白茶
食品饮料行业-茶二级类目名称偏好,黑茶
食品饮料行业-糖果价格段偏好,10元以下
食品饮料行业-糖果价格段偏好,10-19元
食品饮料行业-糖果价格段偏好,20-29元
食品饮料行业-糖果价格段偏好,30-49元
食品饮料行业-糖果价格段偏好,50-99元
食品饮料行业-糖果价格段偏好,100元及以上
食品饮料行业-茶年消费金额分段,1-29元
食品饮料行业-茶年消费金额分段,30-49元
食品饮料行业-茶年消费金额分段,50-99元
食品饮料行业-茶年消费金额分段,100-199元
食品饮料行业-茶年消费金额分段,200-499元
食品饮料行业-茶年消费金额分段,500元及以上
食品饮料行业-茶年消费频次,1次
食品饮料行业-茶年消费频次,2次
食品饮料行业-茶年消费频次,3次
食品饮料行业-茶年消费频次,4-5次
食品饮料行业-茶年消费频次,5次以上
食品饮料行业-糖果年消费金额分段,1-29元
食品饮料行业-糖果年消费金额分段,30-49元
食品饮料行业-糖果年消费金额分段,50-99元
食品饮料行业-糖果年消费金额分段,100-199元
食品饮料行业-糖果年消费金额分段,200元及以上
食品饮料行业-糖果年消费频次,1次
食品饮料行业-糖果年消费频次,2次
食品饮料行业-糖果年消费频次,3次
食品饮料行业-糖果年消费频次,4-5次
食品饮料行业-糖果年消费频次,5次以上
宠物行业-宠物行业策略人群,猫狗_小城呵宠
宠物行业-宠物行业策略人群,猫狗_小城乐活
宠物行业-宠物行业策略人群,猫狗_随心养宠
宠物行业-宠物行业策略人群,猫狗_健康护宠
宠物行业-宠物行业策略人群,猫狗_实力臻宠
宠物行业-宠物行业策略人群,猫狗_悦己陪伴
宠物行业-宠物行业策略人群,猫狗_科学品质
宠物行业-宠物健康关键时刻,宠物皮肤问题
宠物行业-宠物健康关键时刻,宠物肠胃问题
宠物行业-宠物健康关键时刻,宠物口腔问题
宠物行业-宠物健康关键时刻,宠物肥胖问题
宠物行业-宠物健康关键时刻,宠物泌尿问题
宠物行业-宠物健康关键时刻,宠物绝育问题
宠物行业-养宠健康场景偏好,高偏好
宠物行业-养宠健康场景偏好,低偏好
宠物行业-养宠健康场景偏好,中偏好
宠物行业-养宠快乐场景偏好,高偏好
宠物行业-养宠快乐场景偏好,低偏好
宠物行业-养宠快乐场景偏好,中偏好
宠物行业-养宠美丽场景偏好,高偏好
宠物行业-养宠美丽场景偏好,中偏好
宠物行业-养宠美丽场景偏好,低偏好
宠物行业-预测宠物种类,狗
宠物行业-预测宠物种类,猫
宠物行业-预测宠物种类,"狗,猫"
宠物行业-预测宠物狗年龄段,成年狗
宠物行业-预测宠物狗年龄段,老年狗
宠物行业-预测宠物狗年龄段,幼年狗
宠物行业-预测宠物猫年龄段,成年猫
宠物行业-预测宠物猫年龄段,老年猫
宠物行业-预测宠物猫年龄段,幼年猫
宠物行业-天猫宠物(猫狗)人群_消费意愿,品质实用者
宠物行业-天猫宠物(猫狗)人群_消费意愿,高端偏好者
宠物行业-天猫宠物(猫狗)人群_消费意愿,基础实用者
宠物行业-天猫宠物(猫狗)人群_消费意愿,精致智享者
宠物行业-天猫宠物(猫狗)人群_消费意愿,基础经济者
宠物行业-宠物先锋度人群,早期采用者
宠物行业-宠物先锋度人群,晚期采用者
宠物行业-宠物先锋度人群,早期引领者
宠物行业-宠物先锋度人群,保守消费者
宠物行业-宠物先锋度人群,先锋者
宠物行业-宠物年龄,猫成年
宠物行业-宠物年龄,狗成年
宠物行业-宠物年龄,猫幼年
宠物行业-宠物年龄,狗老年
宠物行业-宠物年龄,狗幼年
宠物行业-宠物年龄,猫老年
宠物行业-宠物（猫狗）主粮包装规格偏好,=<2.5 (小包装）
宠物行业-宠物（猫狗）主粮包装规格偏好,2.5-5（中包装）
宠物行业-宠物（猫狗）主粮包装规格偏好,>=5（大包装）
宠物行业-宠物（猫狗）食品产品类型偏好,仅主粮
宠物行业-宠物（猫狗）食品产品类型偏好,仅零食
宠物行业-宠物（猫狗）食品产品类型偏好,主粮与零食混合
宠物行业-宠物（猫狗）食品价格段偏好,0-9元
宠物行业-宠物（猫狗）食品价格段偏好,10-19元
宠物行业-宠物（猫狗）食品价格段偏好,20-29元
宠物行业-宠物（猫狗）食品价格段偏好,30-39元
宠物行业-宠物（猫狗）食品价格段偏好,40-49元
宠物行业-宠物（猫狗）食品价格段偏好,50-69元
宠物行业-宠物（猫狗）食品价格段偏好,70-99元
宠物行业-宠物（猫狗）食品价格段偏好,100-149元
宠物行业-宠物（猫狗）食品价格段偏好,150-199元
宠物行业-宠物（猫狗）食品价格段偏好,200元及以上
宠物行业-宠物（猫狗）食品年消费金额分段,1-99元
宠物行业-宠物（猫狗）食品年消费金额分段,100-199元
宠物行业-宠物（猫狗）食品年消费金额分段,200-299元
宠物行业-宠物（猫狗）食品年消费金额分段,300-499元
宠物行业-宠物（猫狗）食品年消费金额分段,500-699元
宠物行业-宠物（猫狗）食品年消费金额分段,700-899元
宠物行业-宠物（猫狗）食品年消费金额分段,900元及以上
宠物行业-宠物（猫狗）食品年消费频次,1次
宠物行业-宠物（猫狗）食品年消费频次,2次
宠物行业-宠物（猫狗）食品年消费频次,3次
宠物行业-宠物（猫狗）食品年消费频次,4-5次
宠物行业-宠物（猫狗）食品年消费频次,6-7次
宠物行业-宠物（猫狗）食品年消费频次,8-9次
宠物行业-宠物（猫狗）食品年消费频次,10次及以上
宠物行业-预测宠物年龄,犬：成年
宠物行业-预测宠物年龄,猫：成年
宠物行业-预测宠物年龄,猫：幼年
宠物行业-预测宠物年龄,犬：幼年
宠物行业-预测宠物年龄,"犬：成年,猫：成年"
宠物行业-预测宠物年龄,犬：老年
宠物行业-预测宠物年龄,"犬：成年,猫：幼年"
宠物行业-预测宠物年龄,"犬：幼年,猫：成年"
宠物行业-预测宠物年龄,"犬：幼年,猫：幼年"
宠物行业-预测宠物年龄,猫：老年
宠物行业-预测宠物年龄,"犬：老年,猫：成年"
宠物行业-预测宠物年龄,"犬：老年,猫：幼年"
宠物行业-预测宠物狗体型大小分类,"小型犬,中型犬"
宠物行业-预测宠物狗体型大小分类,"中型犬,大型犬"
宠物行业-预测宠物狗体型大小分类,"小型犬,大型犬"
宠物行业-预测宠物狗体型大小分类,"小型犬,中型犬,大型犬"
宠物行业-预测宠物狗体型大小分类,小型犬
宠物行业-预测宠物狗体型大小分类,中型犬
宠物行业-预测宠物狗体型大小分类,大型犬
服饰行业-天猫服饰品牌偏好相似-高消费策略人群,中产新贵
服饰行业-天猫服饰品牌偏好相似-高消费策略人群,岁月丽人
服饰行业-天猫服饰品牌偏好相似-高消费策略人群,时尚新生
服饰行业-天猫服饰品牌偏好相似-高消费策略人群,品质奢贵
服饰行业-天猫服饰品牌偏好相似-高消费策略人群,精致新锐
服饰行业-服饰高价值人群,服饰高价值人群
服饰行业-天猫服饰品牌偏好相似人群,银发惠选族
服饰行业-天猫服饰品牌偏好相似人群,家衣主理人
服饰行业-天猫服饰品牌偏好相似人群,乐活衣趣族
服饰行业-天猫服饰品牌偏好相似人群,时尚新生
服饰行业-天猫服饰品牌偏好相似人群,岁月丽人
服饰行业-天猫服饰品牌偏好相似人群,品质奢贵
服饰行业-天猫服饰品牌偏好相似人群,中产新贵
服饰行业-天猫服饰品牌偏好相似人群,精致新锐
服饰行业-天猫服饰内衣家居红品人群,内衣红品人群
服饰行业-天猫服饰新年焕新衣人群,换新衣人群
服饰行业-天猫服饰礼赠人群,送女性
服饰行业-天猫服饰礼赠人群,送男性
服饰行业-男装行业人群,家庭消费女性（低频）
服饰行业-男装行业人群,精明普购男性
服饰行业-男装行业人群,高阶品质男性
服饰行业-男装行业人群,中性时尚女性
服饰行业-男装行业人群,家庭消费女性（中频）
服饰行业-男装行业人群,家庭消费女性（高频）
服饰行业-男装行业人群,潮流时尚男性
服饰行业-内衣行业应用人群,身材苗条MM
服饰行业-内衣行业应用人群,身材丰腴MM
服饰行业-服饰趋势人群,防晒凉感偏好人群
服饰行业-礼赠偏好人群,礼赠偏好人群-送男性伴侣
服饰行业-礼赠偏好人群,礼赠偏好人群-母亲节
服饰行业-礼赠偏好人群,礼赠偏好人群-送女性伴侣
服饰行业-礼赠偏好人群,礼赠偏好人群-父亲节
服饰行业-服饰权益偏好人群,服饰权益偏好人群
服饰行业-服饰反季清仓偏好人群（夏季）,服饰夏季反季清仓偏好人群
服饰行业-服饰时尚策略人群,乐享性能
服饰行业-服饰时尚策略人群,质价精算
服饰行业-服饰时尚策略人群,品质简奢
服饰行业-服饰时尚策略人群,有颜有质
服饰行业-服饰时尚策略人群,低价有颜
服饰行业-服饰时尚策略人群,奢购悦己
服饰行业-服饰时尚策略人群,先锋时髦精
服饰行业-服饰时尚策略人群,节俭刚需
服饰行业-服饰时尚策略人群,好价先潮
服饰行业-女性潮流服饰人群细分,甜酷少女
服饰行业-女性潮流服饰人群细分,街头制燥
服饰行业-女性潮流服饰人群细分,东方腔调
服饰行业-女性潮流服饰人群细分,未来主义
服饰行业-女性潮流服饰人群细分,极简主义
服饰行业-女性潮流服饰人群细分,娘Man主义
服饰行业-女性潮流服饰人群细分,日韩风潮
服饰行业-女性潮流服饰人群细分,土酷风潮
服饰行业-女性潮流服饰人群细分,先锋复古
服饰行业-大服饰时尚度分层,早期采用者
服饰行业-大服饰时尚度分层,早期引领者
服饰行业-大服饰时尚度分层,晚期采用者
服饰行业-大服饰时尚度分层,保守消费者
服饰行业-大服饰时尚度分层,先锋者
服饰行业-大服饰潮流人群细分,运动潮咖
服饰行业-大服饰潮流人群细分,街头酷族
服饰行业-大服饰潮流人群细分,盐甜一族
服饰行业-大服饰潮流人群细分,国潮达人
服饰行业-大服饰潮流人群细分,隐形潮人
服饰行业-大服饰潮流人群细分,设计追新派
服饰行业-大服饰潮流人群细分,复古潮流
服饰行业-服饰重潮人群,是
服饰行业-行业老客,女装/女士精品
服饰行业-行业老客,女士内衣/男士内衣/家居服
服饰行业-行业老客,男装
服饰行业-行业老客,服饰配件/皮带/帽子/围巾
服饰行业-行业老客,女鞋
服饰行业-行业老客,箱包皮具/热销女包/男包
服饰行业-行业老客,流行男鞋
服饰行业-行业老客,ZIPPO/瑞士军刀/眼镜
服饰行业-行业老客,手表
服饰行业-行业老客,个性定制/设计服务/DIY
服饰行业-行业沉寂,女装/女士精品
服饰行业-行业沉寂,女士内衣/男士内衣/家居服
服饰行业-行业沉寂,男装
服饰行业-行业沉寂,服饰配件/皮带/帽子/围巾
服饰行业-行业沉寂,女鞋
服饰行业-行业沉寂,箱包皮具/热销女包/男包
服饰行业-行业沉寂,流行男鞋
服饰行业-行业沉寂,ZIPPO/瑞士军刀/眼镜
服饰行业-行业沉寂,手表
服饰行业-行业沉寂,个性定制/设计服务/DIY
服饰行业-行业兴趣观望,女装/女士精品
服饰行业-行业兴趣观望,男装
服饰行业-行业兴趣观望,女士内衣/男士内衣/家居服
服饰行业-行业兴趣观望,女鞋
服饰行业-行业兴趣观望,服饰配件/皮带/帽子/围巾
服饰行业-行业兴趣观望,箱包皮具/热销女包/男包
服饰行业-行业兴趣观望,流行男鞋
服饰行业-行业兴趣观望,ZIPPO/瑞士军刀/眼镜
服饰行业-行业兴趣观望,手表
服饰行业-行业兴趣观望,个性定制/设计服务/DIY
服饰行业-大服饰策略人群,潮流人群
服饰行业-大服饰策略人群,高阶时尚
服饰行业-大服饰策略人群,大众实用
服饰行业-大服饰策略人群,低价实惠
服饰行业-大服饰策略人群,品质生活
服饰行业-大服饰策略人群,低价有颜
服饰行业-女装女鞋人群分类,平价实惠者
服饰行业-女装女鞋人群分类,主流时尚者
服饰行业-女装女鞋人群分类,购物热衷者
服饰行业-女装女鞋人群分类,潮流人群
服饰行业-女装女鞋人群分类,品质实用者
服饰行业-女装女鞋人群分类,奢华风格人群
服饰行业-男装男鞋人群分类,潮流人群
服饰行业-男装男鞋人群分类,平价实惠者
服饰行业-男装男鞋人群分类,品质实用者
服饰行业-男装男鞋人群分类,购物热衷者
服饰行业-男装男鞋人群分类,主流时尚者
服饰行业-男装男鞋人群分类,奢华风格人群
家电行业-生活电器消电先锋度人群,早期采用者
家电行业-生活电器消电先锋度人群,大众采用者
家电行业-生活电器消电先锋度人群,早期引领者
家电行业-生活电器消电先锋度人群,先锋者
家电行业-平板电视价格段偏好,500元以下
家电行业-平板电视价格段偏好,500-999元
家电行业-平板电视价格段偏好,1000-1499元
家电行业-平板电视价格段偏好,1500-1999元
家电行业-平板电视价格段偏好,2000-2499元
家电行业-平板电视价格段偏好,2500-2999元
家电行业-平板电视价格段偏好,3000-3499元
家电行业-平板电视价格段偏好,3500-3999元
家电行业-平板电视价格段偏好,4000-4499元
家电行业-平板电视价格段偏好,4500-4999元
家电行业-平板电视价格段偏好,5000-5999元
家电行业-平板电视价格段偏好,6000-6999元
家电行业-平板电视价格段偏好,7000-7999元
家电行业-平板电视价格段偏好,8000-8999元
家电行业-平板电视价格段偏好,9000-9999元
家电行业-平板电视价格段偏好,10000-14999元
家电行业-平板电视价格段偏好,15000元及以上
家电行业-热水器价格段偏好,500元以下
家电行业-热水器价格段偏好,500-999元
家电行业-热水器价格段偏好,1000-1499元
家电行业-热水器价格段偏好,1500-1999元
家电行业-热水器价格段偏好,2000-2499元
家电行业-热水器价格段偏好,2500-2999元
家电行业-热水器价格段偏好,3000-3999元
家电行业-热水器价格段偏好,4000-4999元
家电行业-热水器价格段偏好,5000-5999元
家电行业-热水器价格段偏好,6000-6999元
家电行业-热水器价格段偏好,7000-7999元
家电行业-热水器价格段偏好,8000-8999元
家电行业-热水器价格段偏好,9000-9999元
家电行业-热水器价格段偏好,10000-14999元
家电行业-热水器价格段偏好,15000元及以上
家电行业-空调价格段偏好,1500元以下
家电行业-空调价格段偏好,1500-1999元
家电行业-空调价格段偏好,2000-2499元
家电行业-空调价格段偏好,2500-2999元
家电行业-空调价格段偏好,3000-3999元
家电行业-空调价格段偏好,4000-5999元
家电行业-空调价格段偏好,6000元及以上
家电行业-冰箱价格段偏好,2000元以下
家电行业-冰箱价格段偏好,2000-2999元
家电行业-冰箱价格段偏好,3000-4999元
家电行业-冰箱价格段偏好,5000元及以上
家电行业-大家电能效等级偏好,一级
家电行业-大家电能效等级偏好,二级
家电行业-大家电能效等级偏好,三级
家电行业-大家电能效等级偏好,四级
家电行业-大家电能效等级偏好,五级
家电行业-大家电能效等级偏好,其他
家电行业-全量家装机会人群,是
家电行业-洗衣机价格段偏好,500元以下
家电行业-洗衣机价格段偏好,500-999元
家电行业-洗衣机价格段偏好,1000-1499元
家电行业-洗衣机价格段偏好,1500-1999元
家电行业-洗衣机价格段偏好,2000-2499元
家电行业-洗衣机价格段偏好,2500-2999元
家电行业-洗衣机价格段偏好,3000-3999元
家电行业-洗衣机价格段偏好,4000-4999元
家电行业-洗衣机价格段偏好,5000-5999元
家电行业-洗衣机价格段偏好,6000-6999元
家电行业-洗衣机价格段偏好,7000-7999元
家电行业-洗衣机价格段偏好,8000-8999元
家电行业-洗衣机价格段偏好,9000-9999元
家电行业-洗衣机价格段偏好,10000-14999元
家电行业-洗衣机价格段偏好,15000元及以上
家电行业-大家电国别偏好,进口
家电行业-大家电国别偏好,国产
家装行业-预测家装场景人群,都市新贵装修客
家装行业-预测家装场景人群,都市成熟装修客
家装行业-预测家装场景人群,都市年轻装修客
家装行业-预测家装场景人群,小镇新贵装修客
家装行业-预测家装场景人群,小镇年轻装修客
家装行业-预测家装场景人群,小镇成熟装修客
家装行业-预测家居场景人群,都市贵居客
家装行业-预测家居场景人群,自居改善族
家装行业-预测家居场景人群,年轻惠居客
家装行业-预测家居场景人群,品质生活族
家装行业-预测家居场景人群,育儿安居客
家装行业-预测家居场景人群,小镇潮居客
家装行业-家装先锋度人群,早期采用者
家装行业-家装先锋度人群,大众采用者
家装行业-家装先锋度人群,早期引领者
家装行业-家装先锋度人群,先锋者
家装行业-家居风格偏好,现代简约
家装行业-家居风格偏好,复古
家装行业-家居风格偏好,新中式
家装行业-家居风格偏好,ins风
家装行业-家居风格偏好,北欧
家装行业-家居风格偏好,轻奢风
家装行业-家居风格偏好,宜家
家装行业-家居风格偏好,日式
家装行业-天猫家装策略人群,轻奢熟女(家装)
家装行业-天猫家装策略人群,城乡小资(家装)
家装行业-天猫家装策略人群,品质中产(家装)
家装行业-天猫家装策略人群,精致型男(家装)
家装行业-天猫家装策略人群,Z世代(家装)
家装行业-天猫家装策略人群,潮流租客(家装)
家装行业-天猫家装策略人群,小镇百姓(家装)
家装行业-天猫家装策略人群,实惠中年(家装)
家装行业-天猫家装应用人群,软装阶段3-家居小家电
家装行业-天猫家装应用人群,软装阶段2-大家电
家装行业-天猫家装应用人群,软装阶段1-家具
家装行业-天猫家装应用人群,硬装阶段3-五金光源
家装行业-天猫家装应用人群,硬装阶段2-装修主材和全屋定制
家装行业-天猫家装应用人群,硬装阶段1-基础水电
家装行业-家装风格,简约
家装行业-家装风格,简易
家装行业-家装风格,宜家
家装行业-家装风格,欧式
家装行业-家装风格,现代中式
家装行业-家装风格,美式
家装行业-家装风格,日式
家装行业-家装风格,田园
家装行业-家装风格,明清古典
家装行业-家装风格,地中海
家装行业-家装风格,东南亚
汽车行业-天猫汽车策略人群,实用代步
汽车行业-天猫汽车策略人群,实惠居家
汽车行业-天猫汽车策略人群,精致入门
汽车行业-天猫汽车策略人群,户外达人
汽车行业-天猫汽车策略人群,迷你代步
汽车行业-天猫汽车策略人群,豪华尊享
汽车行业-天猫汽车策略人群,中产进阶
汽车行业-天猫汽车策略人群,先锋玩家
汽车行业-汽车先锋度人群,大众采用者
汽车行业-汽车先锋度人群,早期采用者
汽车行业-汽车先锋度人群,早期引领者
汽车行业-汽车先锋度人群,先锋者
汽车行业-预测置换车辆的百公里加速,中
汽车行业-预测置换车辆的百公里加速,慢
汽车行业-预测置换车辆的百公里加速,快
汽车行业-预测汽车保养叶子类目偏好,车用附件
汽车行业-预测汽车保养叶子类目偏好,照明系统
汽车行业-预测汽车保养叶子类目偏好,轮胎
汽车行业-预测汽车保养叶子类目偏好,滤芯
汽车行业-预测汽车保养叶子类目偏好,防盗系统
汽车行业-预测汽车保养叶子类目偏好,电气系统
汽车行业-预测汽车保养叶子类目偏好,油品
汽车行业-预测汽车保养叶子类目偏好,动力系统
汽车行业-预测汽车保养叶子类目偏好,悬挂系统
汽车行业-预测汽车保养叶子类目偏好,冷却系统
汽车行业-预测汽车保养叶子类目偏好,制动系统
汽车行业-预测汽车保养叶子类目偏好,蓄电池
汽车行业-预测汽车保养叶子类目偏好,进排气系统
汽车行业-预测汽车保养叶子类目偏好,点火系统
汽车行业-预测汽车保养叶子类目偏好,供油系统
汽车行业-预测汽车保养叶子类目偏好,变速箱系统
汽车行业-预测汽车保养叶子类目偏好,转向系统
汽车行业-预测车主人生阶段,白领小资
汽车行业-预测车主人生阶段,资深中产
汽车行业-预测车主人生阶段,精致青年
汽车行业-预测车主人生阶段,勤俭蓝领
汽车行业-预测车主人生阶段,老当益壮
汽车行业-预测车主人生阶段,初入社会
汽车行业-预测车主人生阶段,节俭老人
汽车行业-预测是否处于限牌城市,不限牌
汽车行业-预测置换动力类型,燃油
汽车行业-预测置换动力类型,电动
汽车行业-预测置换动力类型,混动
汽车行业-预测持有车数量,1辆
汽车行业-预测持有车数量,多辆
汽车行业-预测环保标准,国五
汽车行业-预测环保标准,国六
汽车行业-预测环保标准,国四
汽车行业-预测置换车辆的排量,中
汽车行业-预测置换车辆的排量,小
汽车行业-预测置换车辆的排量,大
汽车行业-预测汽车美容叶子类目偏好,外观件
汽车行业-预测汽车美容叶子类目偏好,内饰系统
汽车行业-预测汽车用品叶子类目偏好,汽车内饰品
汽车行业-预测汽车用品叶子类目偏好,汽车清洗用品/清洗工具
汽车行业-预测汽车用品叶子类目偏好,汽车防护用品
汽车行业-预测汽车用品叶子类目偏好,汽车加装
汽车行业-预测汽车用品叶子类目偏好,汽车电子/导航/影音/电器
汽车行业-汽车车型偏好,中大型SUV
汽车行业-汽车车型偏好,中型SUV
汽车行业-汽车车型偏好,紧凑型SUV
汽车行业-汽车车型偏好,中型轿车
汽车行业-汽车车型偏好,紧凑型轿车
汽车行业-汽车车型偏好,小型轿车
汽车行业-汽车车型偏好,微型轿车
汽车行业-汽车车型偏好,性能车
汽车行业-汽车车型偏好,MPV
汽车行业-汽车价格段偏好,50w以上
汽车行业-汽车价格段偏好,30-50w
汽车行业-汽车价格段偏好,20-30w
汽车行业-汽车价格段偏好,15-20w
汽车行业-汽车价格段偏好,10-15w
汽车行业-汽车价格段偏好,10w以下
大快消-快消双11蓄水回购机会人群,个护蓄水未购人群
大快消-快消双11蓄水回购机会人群,家清蓄水未购人群
大快消-快消双11蓄水回购机会人群,母婴亲子蓄水未购人群
大快消-快消双11蓄水回购机会人群,美妆蓄水未购人群
大快消-快消双11蓄水回购机会人群,快消蓄水未购人群
大快消-快消双11高活高购人群,快消双11高活高购人群
数码行业-数码消电先锋度人群,早期采用者
数码行业-数码消电先锋度人群,早期引领者
数码行业-数码消电先锋度人群,大众采用者
数码行业-数码消电先锋度人群,先锋者
数码行业-关注笔记本档位偏好,1-2499元
数码行业-关注笔记本档位偏好,2500-3999
数码行业-关注笔记本档位偏好,4000-5999
数码行业-关注笔记本档位偏好,6000-7999
数码行业-关注笔记本档位偏好,8000-9999
数码行业-关注笔记本档位偏好,10000元及以上
数码行业-关注笔记本类型偏好,游戏本
数码行业-关注笔记本类型偏好,超级本
数码行业-关注笔记本类型偏好,轻薄本
数码行业-关注笔记本类型偏好,其他
大快消行业-美妆高端奢美偏好人群(新),潜客人群
大快消行业-美妆高端奢美偏好人群(新),已购人群
大快消行业-大快消策略人群,新锐白领
大快消行业-大快消策略人群,资深白领
大快消行业-大快消策略人群,小镇中年
大快消行业-大快消策略人群,精致妈妈
大快消行业-大快消策略人群,小镇青年
大快消行业-大快消策略人群,小镇老年
大快消行业-大快消策略人群,都市银发族
大快消行业-大快消策略人群,Z时代人群
大快消行业-大快消策略人群,都市蓝领
大快消行业-快消策略人群3.0,精致女性
大快消行业-快消策略人群3.0,小镇新贵
大快消行业-快消策略人群3.0,小镇中坚
大快消行业-快消策略人群3.0,资深中产
大快消行业-快消策略人群3.0,品质银发
大快消行业-快消策略人群3.0,都市型男
大快消行业-快消策略人群3.0,悦己青年
大快消行业-快消策略人群3.0,实惠大众
大快消行业-快消策略人群3.0,简朴银发
大快消行业-大快消行业核心消费人群,快消整体
大快消行业-大快消行业核心消费人群,美妆
大快消行业-大快消行业核心消费人群,个护
大快消行业-大快消行业核心消费人群,母婴亲子
大快消行业-大快消行业核心消费人群,家清
女装行业-天猫女装风格-风格表达-气质2.0,甜酷风格
女装行业-天猫女装风格-风格表达-气质2.0,性感风格
女装行业-天猫女装风格-风格表达-气质2.0,富贵风格
女装行业-天猫女装风格-风格表达-气质2.0,优雅风格
女装行业-天猫女装风格-风格表达-气质2.0,甜美风格
女装行业-天猫女装风格-风格表达-气质2.0,华丽风格
女装行业-天猫女装风格-风格表达-气质2.0,知性风格
女装行业-天猫女装风格-风格表达-气质2.0,酷感风格
女装行业-天猫女装风格-风格表达-气质2.0,浪漫风格
女装行业-天猫女装风格-风格表达-气质2.0,文艺风格
女装行业-天猫女装风格-风格表达-气质2.0,古韵风格
女装行业-天猫女装风格-风格表达-气质2.0,可爱风格
女装行业-天猫女装风格-风格表达-气质2.0,简约风格
女装行业-半身裙尺码偏好,均码
女装行业-半身裙尺码偏好,XL
女装行业-半身裙尺码偏好,XXXS
女装行业-半身裙尺码偏好,XXS
女装行业-半身裙尺码偏好,XS
女装行业-半身裙尺码偏好,S
女装行业-半身裙尺码偏好,M
女装行业-半身裙尺码偏好,L
女装行业-半身裙尺码偏好,XXL
女装行业-半身裙尺码偏好,XXXL
女装行业-女士T恤尺码偏好,均码
女装行业-女士T恤尺码偏好,XXXS
女装行业-女士T恤尺码偏好,XXS
女装行业-女士T恤尺码偏好,XS
女装行业-女士T恤尺码偏好,S
女装行业-女士T恤尺码偏好,M
女装行业-女士T恤尺码偏好,L
女装行业-女士T恤尺码偏好,XL
女装行业-女士T恤尺码偏好,XXL
女装行业-女士T恤尺码偏好,XXXL
女装行业-女士T恤衣长偏好,常规款
女装行业-女士T恤衣长偏好,中长款
女装行业-女士T恤衣长偏好,短款
女装行业-女士T恤衣长偏好,超短款
女装行业-女士T恤价格段偏好,"(0,51元)"
女装行业-女士T恤价格段偏好,"[51,101元)"
女装行业-女士T恤价格段偏好,"[101,151元)"
女装行业-女士T恤价格段偏好,"[151,201元)"
女装行业-女士T恤价格段偏好,"[201,301元)"
女装行业-女士T恤价格段偏好,301元及以上
女装行业-女士羽绒服版型偏好,修身
女装行业-女士羽绒服版型偏好,直筒
女装行业-女士羽绒服版型偏好,斗篷型
女装行业-女士T恤颜色偏好,白色
女装行业-女士T恤颜色偏好,黑色
女装行业-女士T恤颜色偏好,灰色
女装行业-女士T恤颜色偏好,黄色
女装行业-女士T恤颜色偏好,蓝色
女装行业-女士T恤颜色偏好,红色
女装行业-女士T恤颜色偏好,棕色
女装行业-女士T恤颜色偏好,绿色
女装行业-女士T恤颜色偏好,花色
女装行业-女士T恤颜色偏好,紫色
女装行业-女士T恤颜色偏好,橘色
女装行业-女士T恤颜色偏好,橙色
女装行业-女士T恤颜色偏好,迷彩色
女装行业-天猫女装风格-风格市场-基础款,基础款风格
女装行业-天猫女装风格-风格元素-视觉艺术,极简风格
女装行业-天猫女装风格-风格元素-视觉艺术,解构主义风格
女装行业-天猫女装风格-风格元素-视觉艺术,波普风格
女装行业-天猫女装风格-风格元素-视觉艺术,欧普风格
女装行业-潮流女装东方腔调细分,旗袍
女装行业-潮流女装东方腔调细分,汉服
女装行业-潮流女装东方腔调细分,国风设计
女装行业-潮流女装东方腔调细分,国风朴素
女装行业-天猫女装风格-风格元素-亚文化,汉服风格
女装行业-天猫女装风格-风格元素-亚文化,Y2K风格
女装行业-天猫女装风格-风格元素-亚文化,JK风格
女装行业-天猫女装风格-风格元素-亚文化,哥特风格
女装行业-天猫女装风格-风格元素-亚文化,机能风格
女装行业-天猫女装风格-风格元素-亚文化,Lolita风格
女装行业-女士羽绒服价格偏好,1000以上
女装行业-女士羽绒服价格偏好,600~1000
女装行业-女士羽绒服价格偏好,400~600
女装行业-女士羽绒服价格偏好,200~400
女装行业-女士羽绒服价格偏好,0~200
女装行业-天猫女装风格-风格元素-时代icon,小香风格
女装行业-天猫女装风格-风格元素-时代icon,山本风格
女装行业-天猫女装风格-风格元素-民族地域,法式复古风格
女装行业-天猫女装风格-风格元素-民族地域,美式复古风格
女装行业-天猫女装风格-风格元素-民族地域,欧洲古典风格
女装行业-天猫女装风格-风格元素-民族地域,民国风格
女装行业-天猫女装风格-风格元素-民族地域,摩登中式风格
女装行业-天猫女装风格-风格元素-民族地域,波西米亚风格
女装行业-天猫女装风格-风格元素-民族地域,法式田园风格
女装行业-天猫女装风格-风格元素-社会思潮,中性风格
女装行业-天猫女装风格-风格元素-社会思潮,雅痞风格
女装行业-天猫女装风格-风格元素-社会思潮,嬉皮风格
女装行业-天猫女装风格-风格元素-音乐文化,嘻哈街头风格
女装行业-天猫女装风格-风格元素-音乐文化,朋克摇滚风格
女装行业-天猫女装风-风格元素-职业角色,工装风格
女装行业-天猫女装风-风格元素-职业角色,学院风格
女装行业-天猫女装风-风格元素-职业角色,海军风格
女装行业-天猫女装风格-风格市场-场合,日常商务风格
女装行业-天猫女装风格-风格市场-场合,度假休闲风格
女装行业-天猫女装风格-风格市场-场合,运动休闲风格
女装行业-天猫女装风格-风格市场-场合,露营风格
女装行业-天猫女装风格-风格市场-场合,正式社交风格
女装行业-天猫女装风格-风格市场-场合,正式商务风格
女装行业-天猫女装风格-风格市场-社会年龄,中淑风格
女装行业-天猫女装风格-风格市场-社会年龄,少淑风格
女装行业-天猫女装风格-风格市场-社会年龄,基础款风格
女装行业-天猫女装风格-风格市场-社会年龄,熟女风格
女装行业-天猫女装风格-风格市场-社会年龄,少女风格
女装行业-天猫女装风格-风格表达-气质,文艺风格
女装行业-天猫女装风格-风格表达-气质,浪漫风格
女装行业-天猫女装风格-风格表达-气质,酷感风格
女装行业-天猫女装风格-风格表达-气质,优雅风格
女装行业-天猫女装风格-风格表达-气质,甜美风格
女装行业-天猫女装风格-风格表达-气质,性感风格
女装行业-天猫女装风格-风格表达-气质,华丽风格
女装行业-天猫女装风格-风格表达-气质,可爱风格
女装行业-天猫女装风格-风格表达-气质,甜酷风格
女装行业-天猫女装风格-风格表达-气质,富贵风格
女装行业-天猫女装风格-风格表达-气质,古韵风格
女装行业-天猫女装风格-风格表达-气质,知性风格
女装行业-女装-皮草价格段偏好,0~200
女装行业-女装-皮草价格段偏好,200~500
女装行业-女装-皮草价格段偏好,500~800
女装行业-女装-皮草价格段偏好,800~1500
女装行业-女装-皮草价格段偏好,1500~2500
女装行业-女装-皮草价格段偏好,2500~3500
女装行业-女装-皮草价格段偏好,3500以上
女装行业-女装-毛针织衫价格段偏好,0~50
女装行业-女装-毛针织衫价格段偏好,50~100
女装行业-女装-毛针织衫价格段偏好,100~200
女装行业-女装-毛针织衫价格段偏好,200~400
女装行业-女装-毛针织衫价格段偏好,400~600
女装行业-女装-毛针织衫价格段偏好,600以上
女装行业-女装-裤子价格段偏好,0~50
女装行业-女装-裤子价格段偏好,50~100
女装行业-女装-裤子价格段偏好,100~200
女装行业-女装-裤子价格段偏好,200~300
女装行业-女装-裤子价格段偏好,300以上
女装行业-女装-短外套价格段偏好,0~50
女装行业-女装-短外套价格段偏好,50~100
女装行业-女装-短外套价格段偏好,100~200
女装行业-女装-短外套价格段偏好,200~300
女装行业-女装-短外套价格段偏好,300~400
女装行业-女装-套装/学生校服/工作制服价格段偏好标签,0~50
女装行业-女装-套装/学生校服/工作制服价格段偏好标签,50~100
女装行业-女装-套装/学生校服/工作制服价格段偏好标签,100~200
女装行业-女装-套装/学生校服/工作制服价格段偏好标签,200~300
女装行业-女装-套装/学生校服/工作制服价格段偏好标签,300~400
女装行业-女装-牛仔裤价格段偏好标签,0~50
女装行业-女装-牛仔裤价格段偏好标签,50~100
女装行业-女装-牛仔裤价格段偏好标签,100~200
女装行业-女装-牛仔裤价格段偏好标签,200~300
女装行业-女装-中老年女装价格偏好,0~50
女装行业-女装-中老年女装价格偏好,50~100
女装行业-女装-中老年女装价格偏好,100~200
女装行业-女装-中老年女装价格偏好,200~300
女装行业-女装-中老年女装价格偏好,300~400
女装行业-女装-中老年女装价格偏好,400以上
女装行业-女装-卫衣/绒衫价格段偏好,0~50
女装行业-女装-卫衣/绒衫价格段偏好,50~100
女装行业-女装-卫衣/绒衫价格段偏好,100~200
女装行业-女装-卫衣/绒衫价格段偏好,200~300
女装行业-女装-毛衣价格段偏好标签,0~50
女装行业-女装-毛衣价格段偏好标签,50~100
女装行业-女装-毛衣价格段偏好标签,100~200
女装行业-女装-毛衣价格段偏好标签,200~300
女装行业-女装-毛衣价格段偏好标签,300~400
女装行业-女装-大码女装价格段偏好,0~50
女装行业-女装-大码女装价格段偏好,50~100
女装行业-女装-大码女装价格段偏好,100~200
女装行业-女装-大码女装价格段偏好,200~300
女装行业-女装-衬衫价格段偏好标签,0~50
女装行业-女装-衬衫价格段偏好标签,50~100
女装行业-女装-衬衫价格段偏好标签,100~200
女装行业-女装-衬衫价格段偏好标签,200~300
女装行业-女装-风衣价格段偏好,0~100
女装行业-女装-风衣价格段偏好,100~200
女装行业-女装-风衣价格段偏好,200~400
女装行业-女装-风衣价格段偏好,400~600
女装行业-女装-风衣价格段偏好,600~800
女装行业-女装-风衣价格段偏好,800以上
女装行业-女装-连衣裙价格段偏好,0~50
女装行业-女装-连衣裙价格段偏好,50~100
女装行业-女装-连衣裙价格段偏好,100~200
女装行业-女装-连衣裙价格段偏好,200~400
女装行业-女装-连衣裙价格段偏好,400~600
女装行业-女装新势力人群,主流时尚人群
女装行业-女装新势力人群,二次元人群
女装行业-女装新势力人群,奢华风格人群
女装行业-女装新势力人群,国风人群
女装行业-女装重点人群,女性运动健康人群
女装行业-女装重点人群,女性平价实惠者
女装行业-女装重点人群,女性年轻人群
女装行业-女装重点人群,女性主流时尚者
女装行业-女装重点人群,女性平价购物热衷者
女装行业-女装重点人群,女性品质实用者
女装行业-女装重点人群,女性潮流人群
女装行业-女装重点人群,女性银发一族
女装行业-女装重点人群,女性奢华风格人群
男装行业-男士T恤颜色偏好,白色
男装行业-男士T恤颜色偏好,黑色
男装行业-男士T恤颜色偏好,灰色
男装行业-男士T恤颜色偏好,蓝色
男装行业-男士T恤颜色偏好,绿色
男装行业-男士T恤颜色偏好,黄色
男装行业-男士T恤颜色偏好,红色
男装行业-男士T恤颜色偏好,棕色
男装行业-男士T恤颜色偏好,花色
男装行业-男士T恤颜色偏好,紫色
男装行业-男士T恤颜色偏好,橙色
男装行业-男士T恤颜色偏好,橘色
男装行业-男士T恤颜色偏好,迷彩色
男装行业-男士休闲裤颜色偏好,黑色
男装行业-男士休闲裤颜色偏好,灰色
男装行业-男士休闲裤颜色偏好,蓝色
男装行业-男士休闲裤颜色偏好,绿色
男装行业-男士休闲裤颜色偏好,黄色
男装行业-男士休闲裤颜色偏好,棕色
男装行业-男士休闲裤颜色偏好,白色
男装行业-男士休闲裤颜色偏好,花色
男装行业-男士休闲裤颜色偏好,红色
男装行业-男士休闲裤颜色偏好,迷彩色
男装行业-男士休闲裤颜色偏好,紫色
男装行业-男士休闲裤颜色偏好,橘色
男装行业-男士休闲裤颜色偏好,橙色
男装行业-男装风格偏好,潮
男装行业-男装风格偏好,基础大众
男装行业-男装风格偏好,青春活力
男装行业-男装风格偏好,商务休闲
男装行业-男装风格偏好,美式休闲
男装行业-男装风格偏好,日系复古
男装行业-男装风格偏好,欧美简约
男装行业-男装风格偏好,精致韩风
男装行业-男装风格偏好,中国风
男装行业-男装风格偏好,工装军旅
男装行业-男装风格偏好,小清新
男装行业-男装风格偏好,商务正装
男装行业-男装风格偏好,嘻哈
男装行业-男装风格偏好,英式学院
男装行业-男装风格偏好,朋克
男装行业-天猫男装风格-风格元素-职业角色,工装风格
男装行业-天猫男装风格-风格元素-职业角色,学院风格
男装行业-天猫男装风格-风格元素-社会思潮,雅痞风格
男装行业-天猫男装风格-风格表达-气质,简约风格
男装行业-天猫男装风格-风格表达-气质,酷感风格
男装行业-天猫男装风格-风格表达-气质,阳光风格
男装行业-天猫男装风格-风格表达-气质,稳重风格
男装行业-天猫男装风格-风格表达-气质,盐系风格
男装行业-天猫男装风格-风格表达-气质,可爱风格
男装行业-天猫男装风格-风格表达-气质,绅士风格
男装行业-天猫男装风格-风格表达-气质,俐落风格
男装行业-天猫男装风格-风格表达-气质,高冷风格
男装行业-天猫男装风格-风格表达-气质,古韵风格
男装行业-天猫男装风格-风格表达-气质,暗黑风格
男装行业-天猫男装风格-风格表达-气质,性感风格
男装行业-天猫男装风格-风格元素-场合,日常商务风格
男装行业-天猫男装风格-风格元素-场合,运动休闲风格
男装行业-天猫男装风格-风格元素-场合,正式商务风格
男装行业-天猫男装风格-风格元素-场合,露营风格
男装行业-天猫男装风格-风格元素-场合,度假休闲风格
男装行业-棉衣价格段偏好,0~50
男装行业-棉衣价格段偏好,50~100
男装行业-棉衣价格段偏好,100~200
男装行业-棉衣价格段偏好,200~300
男装行业-棉衣价格段偏好,300~400
男装行业-针织衫/毛衣价格段偏好,0~50
男装行业-针织衫/毛衣价格段偏好,50~100
男装行业-针织衫/毛衣价格段偏好,100~200
男装行业-针织衫/毛衣价格段偏好,200~300
男装行业-针织衫/毛衣价格段偏好,300~400
男装行业-针织衫/毛衣价格段偏好,400以上
男装行业-夹克价格段偏好,0~50
男装行业-夹克价格段偏好,50~100
男装行业-夹克价格段偏好,100~200
男装行业-夹克价格段偏好,200~300
男装行业-夹克价格段偏好,300~400
男装行业-卫衣价格段偏好,0~50
男装行业-卫衣价格段偏好,50~100
男装行业-卫衣价格段偏好,100~200
男装行业-卫衣价格段偏好,200~300
男装行业-皮衣价格段偏好,0~200
男装行业-皮衣价格段偏好,200~400
男装行业-皮衣价格段偏好,400~600
男装行业-皮衣价格段偏好,600~1000
男装行业-皮衣价格段偏好,1000以上
男装行业-男士羽绒服价格段偏好,0~200
男装行业-男士羽绒服价格段偏好,200~400
男装行业-男士羽绒服价格段偏好,400~600
男装行业-男士羽绒服价格段偏好,600~1000
男装行业-男装重点人群,男女同款人群
男装行业-男装重点人群,平价实惠者
男装行业-男装重点人群,前卫潮人
男装行业-男装重点人群,品质实用者
男装行业-男装重点人群,平价购物热衷者
男装行业-男装重点人群,品味精致者
男装行业-男装重点人群,奢华风格人群
男装行业-男装应用人群,泛潮人群
男装行业-男装应用人群,大码男士
男装行业-男装应用人群,Z时代人群
男装行业-男装应用人群,重潮人群
男装行业-男装应用人群,情侣人群
男装行业-男装应用人群,小镇青年
男装行业-男装应用人群,追求实惠人群
男装行业-男装应用人群,学生人群
男女鞋-低帮鞋价格段偏好,0~50
男女鞋-低帮鞋价格段偏好,50~100
男女鞋-低帮鞋价格段偏好,100~200
男女鞋-低帮鞋价格段偏好,200~400
男女鞋-低帮鞋价格段偏好,400~600
男女鞋-女鞋重点人群,女性平价实惠者
男女鞋-女鞋重点人群,女性主流时尚者
男女鞋-女鞋重点人群,女性平价购物狂
男女鞋-女鞋重点人群,女性品质实用者
男女鞋-女鞋重点人群,女性潮流人群
男女鞋-女鞋重点人群,Z时代女性
男女鞋-女鞋重点人群,小镇女青年
男女鞋-女鞋重点人群,女性奢华风格人群
男女鞋-靴子价格段偏好,0~200
男女鞋-靴子价格段偏好,200~400
男女鞋-靴子价格段偏好,400~600
男女鞋-靴子价格段偏好,600~1000
男女鞋-男鞋重点人群,平价实惠者
男女鞋-男鞋重点人群,前卫潮人
男女鞋-男鞋重点人群,品质实用者
男女鞋-男鞋重点人群,平价购物热衷者
男女鞋-男鞋重点人群,奢华风格人群
男女鞋-男鞋重点人群,Z时代
男女鞋-男鞋重点人群,品味精致者
男女鞋-男鞋重点人群,小镇青年
箱包配饰-箱包配饰-女士包袋价格段偏好,0~50
箱包配饰-箱包配饰-女士包袋价格段偏好,50~100
箱包配饰-箱包配饰-女士包袋价格段偏好,100~200
箱包配饰-箱包配饰-女士包袋价格段偏好,200~300
箱包配饰-箱包配饰-女士包袋价格段偏好,300~400
箱包配饰-箱包服配应用人群,箱包奢品人群
箱包配饰-箱包服配应用人群,帽子品类潜力人群
箱包配饰-箱包服配应用人群,箱包潮流人群
箱包配饰-箱包服配应用人群,围巾品类潜力人群
箱包配饰-箱包服配应用人群,手套品类潜力人群
箱包配饰-箱包服配应用人群,鞋垫品类潜力人群
箱包配饰-箱包服配应用人群,腰带品类潜力人群
箱包配饰-箱包服配重点人群,小城镇老铁
箱包配饰-箱包服配重点人群,小城镇新锐
箱包配饰-箱包服配重点人群,大都市新锐白领
箱包配饰-箱包服配重点人群,小城镇土豪
箱包配饰-箱包服配重点人群,大都市资深中产
箱包配饰-箱包服配重点人群,小城镇实惠青年
箱包配饰-箱包服配重点人群,大都市精致青年
箱包配饰-箱包服配重点人群,大都市实惠青年
箱包配饰-箱包服配重点人群,小城镇精致青年
箱包配饰-箱包服配重点人群,大都市蓝领
箱包配饰-箱包服配重点人群,大都市银发
珠宝配饰-黄金回收-点击用户,是
珠宝配饰-黄金回收-下单用户,是
珠宝配饰-黄金回收-累计点击用户,是
珠宝配饰-预测钻戒偏好人群,是
珠宝配饰-珠宝饰品重点人群,是
珠宝配饰-珠宝饰品-翡翠（新）价格段偏好,0~1000
珠宝配饰-珠宝饰品-翡翠（新）价格段偏好,1000~1500
珠宝配饰-珠宝饰品-翡翠（新）价格段偏好,1500~2000
手表眼镜-手表眼镜重点人群,小镇中年
手表眼镜-手表眼镜重点人群,新锐白领
手表眼镜-手表眼镜重点人群,资深白领
手表眼镜-手表眼镜重点人群,Z时代
手表眼镜-手表眼镜重点人群,小镇实惠青壮年
手表眼镜-手表眼镜重点人群,都市蓝领
手表眼镜-手表眼镜重点人群,小镇精致青壮年
手表眼镜-手表眼镜重点人群,都市银发
手表眼镜-手表眼镜重点人群,小镇老年
手表眼镜-爱眼人士,是
运动户外-健身服装功能偏好,护小臂
运动户外-健身服装功能偏好,超强弹性
运动户外-健身服装功能偏好,吸湿排汗
运动户外-健身服装功能偏好,护胸
运动户外-健身服装功能偏好,护大腿
运动户外-健身服装功能偏好,速干
运动户外-健身服装功能偏好,透气
运动户外-健身服装功能偏好,护腰
运动户外-健身服装功能偏好,护小腿
运动户外-健身服装功能偏好,护肩
运动户外-健身服装功能偏好,护臀
运动户外-健身服装功能偏好,护大臂
运动户外-板鞋/休闲鞋价格段偏好,0-50元
运动户外-板鞋/休闲鞋价格段偏好,51-100元
运动户外-板鞋/休闲鞋价格段偏好,101-150元
运动户外-板鞋/休闲鞋价格段偏好,151-200元
运动户外-板鞋/休闲鞋价格段偏好,201-300元
运动户外-板鞋/休闲鞋价格段偏好,301-400元
运动户外-板鞋/休闲鞋价格段偏好,401-500元
运动户外-板鞋/休闲鞋价格段偏好,500以上
运动户外-篮球鞋价格段偏好,0-50元
运动户外-篮球鞋价格段偏好,51-100元
运动户外-篮球鞋价格段偏好,101-150元
运动户外-篮球鞋价格段偏好,151-200元
运动户外-篮球鞋价格段偏好,201-300元
运动户外-篮球鞋价格段偏好,301-400元
运动户外-篮球鞋价格段偏好,401-500元
运动户外-篮球鞋价格段偏好,500以上
运动户外-跑步鞋功能偏好,减震
运动户外-跑步鞋功能偏好,耐磨
运动户外-跑步鞋功能偏好,轻便|轻质
运动户外-跑步鞋功能偏好,透气
运动户外-跑步鞋功能偏好,防滑
运动户外-跑步鞋功能偏好,支撑
运动户外-跑步鞋功能偏好,包裹性
运动户外-跑步鞋功能偏好,平衡
运动户外-跑步鞋功能偏好,抗冲击
运动户外-跑步鞋功能偏好,增高
运动户外-跑步鞋功能偏好,吸汗
运动户外-跑步鞋功能偏好,速干
运动户外-跑步鞋功能偏好,保暖
运动户外-跑步鞋功能偏好,防水
运动户外-板鞋/休闲鞋功能偏好,包裹性
运动户外-板鞋/休闲鞋功能偏好,速干
运动户外-板鞋/休闲鞋功能偏好,支撑
运动户外-板鞋/休闲鞋功能偏好,防滑
运动户外-板鞋/休闲鞋功能偏好,透气
运动户外-板鞋/休闲鞋功能偏好,轻便
运动户外-板鞋/休闲鞋功能偏好,减震
运动户外-板鞋/休闲鞋功能偏好,吸汗
运动户外-板鞋/休闲鞋功能偏好,增高
运动户外-板鞋/休闲鞋功能偏好,保暖
运动户外-板鞋/休闲鞋功能偏好,耐磨
运动户外-板鞋/休闲鞋功能偏好,防水
运动户外-健身跑核心人群,健身跑核心人群
运动户外-挑战跑核心人群,挑战跑核心人群
运动户外-轻松跑核心人群,轻松跑核心人群
运动户外-CBA兴趣人群,CBA兴趣人群
运动户外-NBA兴趣人群,NBA兴趣人群
运动户外-越野跑核心人群,越野跑核心人群
运动户外-运动户外人群细分,实用入门者
运动户外-运动户外人群细分,表现追逐者
运动户外-运动户外人群细分,平衡进取者
运动户外-运动户外人群细分,颜值至上者
运动户外-运动户外人群细分,至潮玩咖
运动户外-运动户外人群细分,极致运动家
运动户外-跑步鞋价格段偏好,0~200
运动户外-跑步鞋价格段偏好,200~400
运动户外-跑步鞋价格段偏好,400~600
运动户外-跑步鞋价格段偏好,600~1000
运动户外-跑步鞋价格段偏好,1000以上
运动户外-运动户外-垂钓装备价格段偏好,0~50
运动户外-运动户外-垂钓装备价格段偏好,50~100
运动户外-运动户外-垂钓装备价格段偏好,100~150
运动户外-运动户外-垂钓装备价格段偏好,150~200
运动户外-运动户外-垂钓装备价格段偏好,200以上
运动户外-运动户外-户外服装价格段偏好,0~50
运动户外-运动户外-户外服装价格段偏好,50~100
运动户外-运动户外-户外服装价格段偏好,100~200
运动户外-运动户外-户外服装价格段偏好,200~400
运动户外-运动户外-户外服装价格段偏好,400~600
运动户外-运动户外-户外服装价格段偏好,600~800
运动户外-运动户外-户外服装价格段偏好,800以上
内衣-文胸风格偏好,简约
内衣-文胸风格偏好,性感
内衣-文胸风格偏好,甜美
内衣-文胸风格偏好,运动
内衣-文胸风格偏好,奢华
内衣-文胸风格偏好,洛丽塔
内衣-内衣-睡衣/家居服套装价格段偏好,0~50
内衣-内衣-睡衣/家居服套装价格段偏好,50~100
内衣-内衣-睡衣/家居服套装价格段偏好,100~200
内衣-内衣-睡衣/家居服套装价格段偏好,200~300
内衣-内衣-保暖套装价格段偏好,0~50
内衣-内衣-保暖套装价格段偏好,50~100
内衣-内衣-保暖套装价格段偏好,100~150
内衣-内衣-保暖套装价格段偏好,150~200
内衣-内衣-保暖套装价格段偏好,200以上
内衣-内衣-短袜/打底袜/丝袜/美腿袜价格段偏好,0~20
内衣-内衣-短袜/打底袜/丝袜/美腿袜价格段偏好,20~50
内衣-内衣-短袜/打底袜/丝袜/美腿袜价格段偏好,50~100
内衣-内衣-内裤价格段偏好,0~20
内衣-内衣-内裤价格段偏好,20~50
内衣-内衣-内裤价格段偏好,50~100
内衣-内衣重点人群,小城镇青年中产
内衣-内衣重点人群,大都市青年白领
内衣-内衣重点人群,95后购物达人
内衣-内衣重点人群,小城镇中年中产
内衣-内衣重点人群,大都市中年白领
内衣-内衣重点人群,95后精致达人
内衣-内衣重点人群,小城镇青年蓝领
内衣-内衣重点人群,泛老年
内衣-内衣重点人群,小城镇中年蓝领
内衣-内衣重点人群,大都市中青年蓝领
家居家纺-床品套件/四件套/多件套价格段偏好,0~50
家居家纺-床品套件/四件套/多件套价格段偏好,50~100
家居家纺-床品套件/四件套/多件套价格段偏好,100~200
家居家纺-床品套件/四件套/多件套价格段偏好,200~300
家居家纺-床品套件/四件套/多件套价格段偏好,300~400
家居家纺-烹饪用具价格段偏好,0~50
家居家纺-烹饪用具价格段偏好,50~100
家居家纺-烹饪用具价格段偏好,100~150
家居家纺-烹饪用具价格段偏好,150~200
家居家纺-烹饪用具价格段偏好,200以上
家居家纺-厨用小工具/厨房储物价格段偏好,0~50
家居家纺-厨用小工具/厨房储物价格段偏好,50~100
家居家纺-厨用小工具/厨房储物价格段偏好,100~150
家居家纺-厨用小工具/厨房储物价格段偏好,150~200
家居家纺-厨用小工具/厨房储物价格段偏好,200以上
家居家纺-杯子/水杯/水壶价格段偏好,0~50
家居家纺-杯子/水杯/水壶价格段偏好,50~100
家居家纺-杯子/水杯/水壶价格段偏好,100~150
家居家纺-杯子/水杯/水壶价格段偏好,150~200
家居家纺-餐具价格段偏好,0~50
家居家纺-餐具价格段偏好,50~100
家居家纺-餐具价格段偏好,100~150
家居家纺-餐具价格段偏好,150~200
家居家纺-餐具价格段偏好,200以上
家居家纺-家庭收纳用具价格段偏好,20~50
家居家纺-家庭收纳用具价格段偏好,0~20
家居家纺-家庭收纳用具价格段偏好,50~100
家居家纺-环境健康品质生活,居家养生
家居家纺-环境健康品质生活,时尚达人
家居家纺-环境健康品质生活,智能极客
家居家纺-环境健康品质生活,行政精英
家居家纺-环境健康品质生活,兴趣一族
家居家纺-被子价格段偏好,0~100
家居家纺-被子价格段偏好,100~200
家居家纺-被子价格段偏好,200~400
家居家纺-被子价格段偏好,400~600
家居家纺-被子价格段偏好,600以上
家居家纺-家居家纺重点人群,小镇成熟人士
家居家纺-家居家纺重点人群,新锐白领
家居家纺-家居家纺重点人群,小镇青壮年
家居家纺-家居家纺重点人群,资深白领
家居家纺-家居家纺重点人群,Z时代
家居家纺-家居家纺重点人群,都市蓝领
家居家纺-家居家纺重点人群,精致妈妈
家居家纺-家居家纺重点人群,都市银发族
家居家纺-家居家纺应用人群,送礼人群
家居家纺-家居家纺应用人群,商用人群
家居家纺-家居家纺应用人群,学生人群
家居家纺-家居家纺应用人群,婚嫁人群
家居家纺-家居家纺应用人群,高频出行人群
家居家纺-家居家纺应用人群,装修人群
家居家纺-家居家纺应用人群,初入社会年轻人
家居家纺-家居家纺应用人群,手工爱好者
家居家纺-家居家纺应用人群,二次元爱好者
家居家纺-家居家纺应用人群,追星族
家居家纺-家居家纺应用人群,文创爱好者
消电家装行业-天猫消电策略人群2.0,精致单身
消电家装行业-天猫消电策略人群2.0,品质之家
消电家装行业-天猫消电策略人群2.0,女性力量
消电家装行业-天猫消电策略人群2.0,当家主母
消电家装行业-天猫消电策略人群2.0,智选青年
消电家装行业-天猫消电策略人群2.0,乐享银发
消电家装行业-天猫消电策略人群2.0,实惠中年
消电家装行业-天猫消电策略人群2.0,年轻势力
消电家装行业-消电行业特色人群,数码发烧友
消电家装行业-消电行业特色人群,质感生活家
消电家装行业-消电行业特色人群,精选生活家
消电家装行业-消电行业特色人群,DIY玩家
消电家装行业-消电行业特色人群,平价乐活客
消电家装行业-消电行业特色人群,指尖新生代
消电家装行业-消电行业特色人群,实用生活家
消电家装行业-消电行业特色人群,轻奢悦己族
消电家装行业-消电行业特色人群,焕新E精英
消电家装行业-消电行业特色人群,平价数码族
消电家装行业-环境健康家装标签,都市品质新房
消电家装行业-环境健康家装标签,小镇土豪新房
消电家装行业-环境健康家装标签,都市蓝领新房
消电家装行业-环境健康家装标签,成熟自居改善
消电家装行业-环境健康母婴标签,精致辣妈
消电家装行业-环境健康母婴标签,白领奶爸
消电家装行业-环境健康母婴标签,时尚潮妈
消电家装行业-环境健康母婴标签,居家宝妈
消电家装行业-环境健康母婴标签,新手妈妈
消电家装行业-天猫消电策略人群,轻奢熟女
消电家装行业-天猫消电策略人群,实惠中年
消电家装行业-天猫消电策略人群,小城新贵
消电家装行业-天猫消电策略人群,精致型男
消电家装行业-天猫消电策略人群,品质中产
消电家装行业-天猫消电策略人群,小镇青年
消电家装行业-天猫消电策略人群,Z世代
消电家装行业-天猫消电策略人群,潮流租客
消电家装行业-消电家装分期潜客偏好,5-分期忠诚用户
消电家装行业-消电家装分期潜客偏好,4-分期消费过但未形成分期习惯的人群
消电家装行业-消电家装分期潜客偏好,3-分期兴趣阶段人群
消电家装行业-消电家装分期潜客偏好,2-分期曝光人群
消电家装行业-消电家装分期潜客偏好,1-分期潜在尚未曝光过的人群
健康行业-脱毛仪策略人群,精致俏佳人
健康行业-脱毛仪策略人群,格调生活家
健康行业-脱毛仪策略人群,潮流新生代
健康行业-脱毛仪策略人群,时尚轻奢族
健康行业-脱毛仪策略人群,有为男青年
健康行业-脱毛仪策略人群,小资少女派
健康行业-健康行业鱼油及胶原蛋白细分人群,鱼油-品牌导向
健康行业-健康行业鱼油及胶原蛋白细分人群,鱼油-成分导向
健康行业-健康行业鱼油及胶原蛋白细分人群,鱼油-健体其他
健康行业-健康行业鱼油及胶原蛋白细分人群,鱼油-辅助降血脂&心脑血管
健康行业-健康行业鱼油及胶原蛋白细分人群,鱼油-记忆力
健康行业-健康行业鱼油及胶原蛋白细分人群,胶原蛋白-品牌导向
健康行业-健康行业鱼油及胶原蛋白细分人群,胶原蛋白-成分导向
健康行业-健康行业鱼油及胶原蛋白细分人群,胶原蛋白-补气养血
健康行业-健康行业鱼油及胶原蛋白细分人群,胶原蛋白-美白
健康行业-健康行业鱼油及胶原蛋白细分人群,胶原蛋白-紧致嫩肤
健康行业-健康用品先锋度人群,早期采用者
健康行业-健康用品先锋度人群,晚期采用者
健康行业-健康用品先锋度人群,早期引领者
健康行业-健康用品先锋度人群,保守消费者
健康行业-健康用品先锋度人群,先锋者
健康行业-健康食品先锋度人群,早期采用者
健康行业-健康食品先锋度人群,晚期采用者
健康行业-健康食品先锋度人群,早期引领者
健康行业-健康食品先锋度人群,保守消费者
健康行业-健康食品先锋度人群,先锋者
健康行业-隐形眼镜先锋度人群,晚期采用者
健康行业-隐形眼镜先锋度人群,早期采用者
健康行业-隐形眼镜先锋度人群,早期引领者
健康行业-隐形眼镜先锋度人群,保守消费者
健康行业-隐形眼镜先锋度人群,先锋者
健康行业-隐形白片策略人群,品质健身男
健康行业-隐形白片策略人群,品质健身女
健康行业-隐形白片策略人群,职场丽人
健康行业-隐形白片策略人群,职场新锐女
健康行业-隐形白片策略人群,持家主妇
健康行业-隐形白片策略人群,运动潮男
健康行业-隐形白片策略人群,校园女神
健康行业-隐形白片策略人群,运动奢美
健康行业-隐形白片策略人群,务实男青年
健康行业-隐形白片策略人群,平价颜控女
健康行业-隐形眼镜类目人群,活力小鲜肉
健康行业-隐形眼镜类目人群,高级小仙女
健康行业-隐形眼镜类目人群,小镇跟风少女
健康行业-隐形眼镜类目人群,小城小康少女
健康行业-隐形眼镜类目人群,精致丽人
健康行业-隐形眼镜类目人群,新贵女青年
健康行业-隐形眼镜/护理液价格段偏好,0~50
健康行业-隐形眼镜/护理液价格段偏好,50~100
健康行业-隐形眼镜/护理液价格段偏好,100~150
健康行业-隐形眼镜/护理液价格段偏好,150~200
健康行业-隐形眼镜/护理液价格段偏好,200以上
健康行业-传统滋补价格段偏好,0~50
健康行业-传统滋补价格段偏好,50~100
健康行业-传统滋补价格段偏好,100~150
健康行业-传统滋补价格段偏好,150~200
健康行业-传统滋补价格段偏好,200以上
健康行业-海外膳食营养食品价格段偏好,0~50
健康行业-海外膳食营养食品价格段偏好,50~100
健康行业-海外膳食营养食品价格段偏好,100~200
健康行业-海外膳食营养食品价格段偏好,200~400
健康行业-海外膳食营养食品价格段偏好,400~600
健康行业-海外膳食营养食品价格段偏好,600以上
奢品行业-奢品六大策略人群,品质精英
奢品行业-奢品六大策略人群,活力青年
奢品行业-奢品六大策略人群,雅致居家
奢品行业-奢品六大策略人群,时尚引领
奢品行业-奢品六大策略人群,数字先锋
奢品行业-奢品六大策略人群,潮流追随
奢品行业-天猫奢品五大策略人群,资深买手
奢品行业-天猫奢品五大策略人群,入门新人
奢品行业-天猫奢品五大策略人群,潮流追随者
奢品行业-天猫奢品五大策略人群,小城青年
奢品行业-天猫奢品五大策略人群,大城中产
