标签类型,一级标签值
AI标签_服饰需求特征,多元风格显瘦派
AI标签_服饰需求特征,优雅显瘦兼顾者
AI标签_服饰需求特征,甜美显瘦专家
AI标签_服饰需求特征,大气简约商务男
AI标签_服饰需求特征,慵懒松弛舒适派
AI标签_服饰需求特征,显瘦效果追求者
AI标签_服饰需求特征,优雅甜美平衡派
AI标签_服饰需求特征,慵懒显瘦主义者
AI标签_服饰需求特征,甜美气质少女
AI标签_服饰需求特征,多元风格气质派
AI标签_服饰需求特征,版型优先主义者
AI标签_服饰需求特征,优雅舒适兼顾派
AI标签_服饰需求特征,甜美可爱美少女
AI标签_服饰需求特征,多面风格探索者
AI标签_服饰需求特征,温婉优雅气质派
AI标签_服饰需求特征,甜美性感活力派
AI标签_服饰需求特征,甜美系精致主义
AI标签_服饰需求特征,极致气质追求女
AI标签_服饰需求特征,真丝羊绒青睐者
AI标签_服饰需求特征,经典百搭爱好者
AI标签_服饰需求特征,优雅曲线雕刻家
AI标签_服饰需求特征,高消_优雅甜美平衡派
AI标签_服饰需求特征,活力减龄青春派
AI标签_服饰需求特征,极致优雅追随者
AI标签_服饰需求特征,独立气场大女主
AI标签_服饰需求特征,高消_多面风格探索者
AI标签_服饰需求特征,极致性感身材派
AI标签_服饰需求特征,高消_真丝羊绒青睐者
AI标签_服饰需求特征,视觉显高塑造者
AI标签_服饰需求特征,高消_慵懒显瘦主义者
AI标签_服饰需求特征,职业干练通勤派
AI标签_服饰需求特征,休闲运动活力派
AI标签_服饰需求特征,高消_极致气质追求女
AI标签_服饰需求特征,高消_独立气场大女主
AI标签_服饰需求特征,高消_显瘦效果追求者
